close_time,Close
2022-01-01 23:59:59.999,47722.65
2022-01-02 23:59:59.999,47286.18
2022-01-03 23:59:59.999,46446.1
2022-01-04 23:59:59.999,45832.01
2022-01-05 23:59:59.999,43451.13
2022-01-06 23:59:59.999,43082.31
2022-01-07 23:59:59.999,41566.48
2022-01-08 23:59:59.999,41679.74
2022-01-09 23:59:59.999,41864.62
2022-01-10 23:59:59.999,41822.49
2022-01-11 23:59:59.999,42729.29
2022-01-12 23:59:59.999,43902.66
2022-01-13 23:59:59.999,42560.11
2022-01-14 23:59:59.999,43059.96
2022-01-15 23:59:59.999,43084.29
2022-01-16 23:59:59.999,43071.66
2022-01-17 23:59:59.999,42201.62
2022-01-18 23:59:59.999,42352.12
2022-01-19 23:59:59.999,41660.01
2022-01-20 23:59:59.999,40680.91
2022-01-21 23:59:59.999,36445.31
2022-01-22 23:59:59.999,35071.42
2022-01-23 23:59:59.999,36244.55
2022-01-24 23:59:59.999,36660.35
2022-01-25 23:59:59.999,36958.32
2022-01-26 23:59:59.999,36809.34
2022-01-27 23:59:59.999,37160.1
2022-01-28 23:59:59.999,37716.56
2022-01-29 23:59:59.999,38166.84
2022-01-30 23:59:59.999,37881.76
2022-01-31 23:59:59.999,38466.9
2022-02-01 23:59:59.999,38694.59
2022-02-02 23:59:59.999,36896.36
2022-02-03 23:59:59.999,37311.61
2022-02-04 23:59:59.999,41574.25
2022-02-05 23:59:59.999,41382.59
2022-02-06 23:59:59.999,42380.87
2022-02-07 23:59:59.999,43839.99
2022-02-08 23:59:59.999,44042.99
2022-02-09 23:59:59.999,44372.72
2022-02-10 23:59:59.999,43495.44
2022-02-11 23:59:59.999,42373.73
2022-02-12 23:59:59.999,42217.87
2022-02-13 23:59:59.999,42053.66
2022-02-14 23:59:59.999,42535.94
2022-02-15 23:59:59.999,44544.86
2022-02-16 23:59:59.999,43873.56
2022-02-17 23:59:59.999,40515.7
2022-02-18 23:59:59.999,39974.44
2022-02-19 23:59:59.999,40079.17
2022-02-20 23:59:59.999,38386.89
2022-02-21 23:59:59.999,37008.16
2022-02-22 23:59:59.999,38230.33
2022-02-23 23:59:59.999,37250.01
2022-02-24 23:59:59.999,38327.21
2022-02-25 23:59:59.999,39219.17
2022-02-26 23:59:59.999,39116.72
2022-02-27 23:59:59.999,37699.07
2022-02-28 23:59:59.999,43160.0
2022-03-01 23:59:59.999,44421.2
2022-03-02 23:59:59.999,43892.98
2022-03-03 23:59:59.999,42454.0
2022-03-04 23:59:59.999,39148.66
2022-03-05 23:59:59.999,39397.96
2022-03-06 23:59:59.999,38420.81
2022-03-07 23:59:59.999,37988.0
2022-03-08 23:59:59.999,38730.63
2022-03-09 23:59:59.999,41941.71
2022-03-10 23:59:59.999,39422.0
2022-03-11 23:59:59.999,38729.57
2022-03-12 23:59:59.999,38807.36
2022-03-13 23:59:59.999,37777.34
2022-03-14 23:59:59.999,39671.37
2022-03-15 23:59:59.999,39280.33
2022-03-16 23:59:59.999,41114.0
2022-03-17 23:59:59.999,40917.9
2022-03-18 23:59:59.999,41757.51
2022-03-19 23:59:59.999,42201.13
2022-03-20 23:59:59.999,41262.11
2022-03-21 23:59:59.999,41002.25
2022-03-22 23:59:59.999,42364.13
2022-03-23 23:59:59.999,42882.76
2022-03-24 23:59:59.999,43991.46
2022-03-25 23:59:59.999,44313.16
2022-03-26 23:59:59.999,44511.27
2022-03-27 23:59:59.999,46827.76
2022-03-28 23:59:59.999,47122.21
2022-03-29 23:59:59.999,47434.8
2022-03-30 23:59:59.999,47067.99
2022-03-31 23:59:59.999,45510.34
2022-04-01 23:59:59.999,46283.49
2022-04-02 23:59:59.999,45811.0
2022-04-03 23:59:59.999,46407.35
2022-04-04 23:59:59.999,46580.51
2022-04-05 23:59:59.999,45497.55
2022-04-06 23:59:59.999,43170.47
2022-04-07 23:59:59.999,43444.19
2022-04-08 23:59:59.999,42252.01
2022-04-09 23:59:59.999,42753.97
2022-04-10 23:59:59.999,42158.85
2022-04-11 23:59:59.999,39530.45
2022-04-12 23:59:59.999,40074.94
2022-04-13 23:59:59.999,41147.79
2022-04-14 23:59:59.999,39942.38
2022-04-15 23:59:59.999,40551.9
2022-04-16 23:59:59.999,40378.71
2022-04-17 23:59:59.999,39678.12
2022-04-18 23:59:59.999,40801.13
2022-04-19 23:59:59.999,41493.18
2022-04-20 23:59:59.999,41358.19
2022-04-21 23:59:59.999,40480.01
2022-04-22 23:59:59.999,39709.18
2022-04-23 23:59:59.999,39441.6
2022-04-24 23:59:59.999,39450.13
2022-04-25 23:59:59.999,40426.08
2022-04-26 23:59:59.999,38112.65
2022-04-27 23:59:59.999,39235.72
2022-04-28 23:59:59.999,39742.07
2022-04-29 23:59:59.999,38596.11
2022-04-30 23:59:59.999,37630.8
2022-05-01 23:59:59.999,38468.35
2022-05-02 23:59:59.999,38525.16
2022-05-03 23:59:59.999,37728.95
2022-05-04 23:59:59.999,39690.0
2022-05-05 23:59:59.999,36552.97
2022-05-06 23:59:59.999,36013.77
2022-05-07 23:59:59.999,35472.39
2022-05-08 23:59:59.999,34038.4
2022-05-09 23:59:59.999,30076.31
2022-05-10 23:59:59.999,31017.1
2022-05-11 23:59:59.999,29103.94
2022-05-12 23:59:59.999,29029.75
2022-05-13 23:59:59.999,29287.05
2022-05-14 23:59:59.999,30086.74
2022-05-15 23:59:59.999,31328.89
2022-05-16 23:59:59.999,29874.01
2022-05-17 23:59:59.999,30444.93
2022-05-18 23:59:59.999,28715.32
2022-05-19 23:59:59.999,30319.23
2022-05-20 23:59:59.999,29201.01
2022-05-21 23:59:59.999,29445.06
2022-05-22 23:59:59.999,30293.94
2022-05-23 23:59:59.999,29109.15
2022-05-24 23:59:59.999,29654.58
2022-05-25 23:59:59.999,29542.15
2022-05-26 23:59:59.999,29201.35
2022-05-27 23:59:59.999,28629.8
2022-05-28 23:59:59.999,29031.33
2022-05-29 23:59:59.999,29468.1
2022-05-30 23:59:59.999,31734.22
2022-05-31 23:59:59.999,31801.04
2022-06-01 23:59:59.999,29805.83
2022-06-02 23:59:59.999,30452.62
2022-06-03 23:59:59.999,29700.21
2022-06-04 23:59:59.999,29864.04
2022-06-05 23:59:59.999,29919.21
2022-06-06 23:59:59.999,31373.1
2022-06-07 23:59:59.999,31125.33
2022-06-08 23:59:59.999,30204.77
2022-06-09 23:59:59.999,30109.93
2022-06-10 23:59:59.999,29091.88
2022-06-11 23:59:59.999,28424.7
2022-06-12 23:59:59.999,26574.53
2022-06-13 23:59:59.999,22487.41
2022-06-14 23:59:59.999,22136.41
2022-06-15 23:59:59.999,22583.72
2022-06-16 23:59:59.999,20401.31
2022-06-17 23:59:59.999,20468.81
2022-06-18 23:59:59.999,18970.79
2022-06-19 23:59:59.999,20574.0
2022-06-20 23:59:59.999,20573.89
2022-06-21 23:59:59.999,20723.52
2022-06-22 23:59:59.999,19987.99
2022-06-23 23:59:59.999,21110.13
2022-06-24 23:59:59.999,21237.69
2022-06-25 23:59:59.999,21491.19
2022-06-26 23:59:59.999,21038.07
2022-06-27 23:59:59.999,20742.56
2022-06-28 23:59:59.999,20281.29
2022-06-29 23:59:59.999,20123.01
2022-06-30 23:59:59.999,19942.21
2022-07-01 23:59:59.999,19279.8
2022-07-02 23:59:59.999,19252.81
2022-07-03 23:59:59.999,19315.83
2022-07-04 23:59:59.999,20236.71
2022-07-05 23:59:59.999,20175.83
2022-07-06 23:59:59.999,20564.51
2022-07-07 23:59:59.999,21624.98
2022-07-08 23:59:59.999,21594.75
2022-07-09 23:59:59.999,21591.83
2022-07-10 23:59:59.999,20862.47
2022-07-11 23:59:59.999,19963.61
2022-07-12 23:59:59.999,19328.75
2022-07-13 23:59:59.999,20234.87
2022-07-14 23:59:59.999,20588.84
2022-07-15 23:59:59.999,20830.04
2022-07-16 23:59:59.999,21195.6
2022-07-17 23:59:59.999,20798.16
2022-07-18 23:59:59.999,22432.58
2022-07-19 23:59:59.999,23396.62
2022-07-20 23:59:59.999,23223.3
2022-07-21 23:59:59.999,23152.19
2022-07-22 23:59:59.999,22684.83
2022-07-23 23:59:59.999,22451.07
2022-07-24 23:59:59.999,22579.68
2022-07-25 23:59:59.999,21310.9
2022-07-26 23:59:59.999,21254.67
2022-07-27 23:59:59.999,22952.45
2022-07-28 23:59:59.999,23842.93
2022-07-29 23:59:59.999,23773.75
2022-07-30 23:59:59.999,23643.51
2022-07-31 23:59:59.999,23293.32
2022-08-01 23:59:59.999,23268.01
2022-08-02 23:59:59.999,22987.79
2022-08-03 23:59:59.999,22818.37
2022-08-04 23:59:59.999,22622.98
2022-08-05 23:59:59.999,23312.42
2022-08-06 23:59:59.999,22954.21
2022-08-07 23:59:59.999,23174.39
2022-08-08 23:59:59.999,23810.0
2022-08-09 23:59:59.999,23149.95
2022-08-10 23:59:59.999,23954.05
2022-08-11 23:59:59.999,23934.39
2022-08-12 23:59:59.999,24403.68
2022-08-13 23:59:59.999,24441.38
2022-08-14 23:59:59.999,24305.24
2022-08-15 23:59:59.999,24094.82
2022-08-16 23:59:59.999,23854.74
2022-08-17 23:59:59.999,23342.66
2022-08-18 23:59:59.999,23191.2
2022-08-19 23:59:59.999,20834.39
2022-08-20 23:59:59.999,21140.07
2022-08-21 23:59:59.999,21515.61
2022-08-22 23:59:59.999,21399.83
2022-08-23 23:59:59.999,21529.12
2022-08-24 23:59:59.999,21368.08
2022-08-25 23:59:59.999,21559.04
2022-08-26 23:59:59.999,20241.05
2022-08-27 23:59:59.999,20037.6
2022-08-28 23:59:59.999,19555.61
2022-08-29 23:59:59.999,20285.73
2022-08-30 23:59:59.999,19811.66
2022-08-31 23:59:59.999,20050.02
2022-09-01 23:59:59.999,20131.46
2022-09-02 23:59:59.999,19951.86
2022-09-03 23:59:59.999,19831.9
2022-09-04 23:59:59.999,20000.3
2022-09-05 23:59:59.999,19796.84
2022-09-06 23:59:59.999,18790.61
2022-09-07 23:59:59.999,19292.84
2022-09-08 23:59:59.999,19319.77
2022-09-09 23:59:59.999,21360.11
2022-09-10 23:59:59.999,21648.34
2022-09-11 23:59:59.999,21826.87
2022-09-12 23:59:59.999,22395.74
2022-09-13 23:59:59.999,20173.57
2022-09-14 23:59:59.999,20226.71
2022-09-15 23:59:59.999,19701.88
2022-09-16 23:59:59.999,19803.3
2022-09-17 23:59:59.999,20113.62
2022-09-18 23:59:59.999,19416.18
2022-09-19 23:59:59.999,19537.02
2022-09-20 23:59:59.999,18875.0
2022-09-21 23:59:59.999,18461.36
2022-09-22 23:59:59.999,19401.63
2022-09-23 23:59:59.999,19289.91
2022-09-24 23:59:59.999,18920.5
2022-09-25 23:59:59.999,18807.38
2022-09-26 23:59:59.999,19227.82
2022-09-27 23:59:59.999,19079.13
2022-09-28 23:59:59.999,19412.82
2022-09-29 23:59:59.999,19591.51
2022-09-30 23:59:59.999,19422.61
2022-10-01 23:59:59.999,19310.95
2022-10-02 23:59:59.999,19056.8
2022-10-03 23:59:59.999,19629.08
2022-10-04 23:59:59.999,20337.82
2022-10-05 23:59:59.999,20158.26
2022-10-06 23:59:59.999,19960.67
2022-10-07 23:59:59.999,19530.09
2022-10-08 23:59:59.999,19417.96
2022-10-09 23:59:59.999,19439.02
2022-10-10 23:59:59.999,19131.87
2022-10-11 23:59:59.999,19060.0
2022-10-12 23:59:59.999,19155.53
2022-10-13 23:59:59.999,19375.13
2022-10-14 23:59:59.999,19176.93
2022-10-15 23:59:59.999,19069.39
2022-10-16 23:59:59.999,19262.98
2022-10-17 23:59:59.999,19549.86
2022-10-18 23:59:59.999,19327.44
2022-10-19 23:59:59.999,19123.97
2022-10-20 23:59:59.999,19041.92
2022-10-21 23:59:59.999,19164.37
2022-10-22 23:59:59.999,19204.35
2022-10-23 23:59:59.999,19570.4
2022-10-24 23:59:59.999,19329.72
2022-10-25 23:59:59.999,20080.07
2022-10-26 23:59:59.999,20771.59
2022-10-27 23:59:59.999,20295.11
2022-10-28 23:59:59.999,20591.84
2022-10-29 23:59:59.999,20809.67
2022-10-30 23:59:59.999,20627.48
2022-10-31 23:59:59.999,20490.74
2022-11-01 23:59:59.999,20483.62
2022-11-02 23:59:59.999,20151.84
2022-11-03 23:59:59.999,20207.82
2022-11-04 23:59:59.999,21148.52
2022-11-05 23:59:59.999,21299.37
2022-11-06 23:59:59.999,20905.58
2022-11-07 23:59:59.999,20591.13
2022-11-08 23:59:59.999,18547.23
2022-11-09 23:59:59.999,15922.81
2022-11-10 23:59:59.999,17601.15
2022-11-11 23:59:59.999,17070.31
2022-11-12 23:59:59.999,16812.08
2022-11-13 23:59:59.999,16329.85
2022-11-14 23:59:59.999,16619.46
2022-11-15 23:59:59.999,16900.57
2022-11-16 23:59:59.999,16662.76
2022-11-17 23:59:59.999,16692.56
2022-11-18 23:59:59.999,16700.45
2022-11-19 23:59:59.999,16700.68
2022-11-20 23:59:59.999,16280.23
2022-11-21 23:59:59.999,15781.29
2022-11-22 23:59:59.999,16226.94
2022-11-23 23:59:59.999,16603.11
2022-11-24 23:59:59.999,16598.95
2022-11-25 23:59:59.999,16522.14
2022-11-26 23:59:59.999,16458.57
2022-11-27 23:59:59.999,16428.78
2022-11-28 23:59:59.999,16212.91
2022-11-29 23:59:59.999,16442.53
2022-11-30 23:59:59.999,17163.64
2022-12-01 23:59:59.999,16977.37
2022-12-02 23:59:59.999,17092.74
2022-12-03 23:59:59.999,16885.2
2022-12-04 23:59:59.999,17105.7
2022-12-05 23:59:59.999,16966.35
2022-12-06 23:59:59.999,17088.96
2022-12-07 23:59:59.999,16836.64
2022-12-08 23:59:59.999,17224.1
2022-12-09 23:59:59.999,17128.56
2022-12-10 23:59:59.999,17127.49
2022-12-11 23:59:59.999,17085.05
2022-12-12 23:59:59.999,17209.83
2022-12-13 23:59:59.999,17774.7
2022-12-14 23:59:59.999,17803.15
2022-12-15 23:59:59.999,17356.34
2022-12-16 23:59:59.999,16632.12
2022-12-17 23:59:59.999,16776.52
2022-12-18 23:59:59.999,16738.21
2022-12-19 23:59:59.999,16438.88
2022-12-20 23:59:59.999,16895.56
2022-12-21 23:59:59.999,16824.67
2022-12-22 23:59:59.999,16821.43
2022-12-23 23:59:59.999,16778.5
2022-12-24 23:59:59.999,16836.12
2022-12-25 23:59:59.999,16832.11
2022-12-26 23:59:59.999,16919.39
2022-12-27 23:59:59.999,16706.36
2022-12-28 23:59:59.999,16547.31
2022-12-29 23:59:59.999,16633.47
2022-12-30 23:59:59.999,16607.48
2022-12-31 23:59:59.999,16542.4
2023-01-01 23:59:59.999,16616.75
2023-01-02 23:59:59.999,16672.87
2023-01-03 23:59:59.999,16675.18
2023-01-04 23:59:59.999,16850.36
2023-01-05 23:59:59.999,16831.85
2023-01-06 23:59:59.999,16950.65
2023-01-07 23:59:59.999,16943.57
2023-01-08 23:59:59.999,17127.83
2023-01-09 23:59:59.999,17178.26
2023-01-10 23:59:59.999,17440.66
2023-01-11 23:59:59.999,17943.26
2023-01-12 23:59:59.999,18846.62
2023-01-13 23:59:59.999,19930.01
2023-01-14 23:59:59.999,20954.92
2023-01-15 23:59:59.999,20871.5
2023-01-16 23:59:59.999,21185.65
2023-01-17 23:59:59.999,21134.81
2023-01-18 23:59:59.999,20677.47
2023-01-19 23:59:59.999,21071.59
2023-01-20 23:59:59.999,22667.21
2023-01-21 23:59:59.999,22783.55
2023-01-22 23:59:59.999,22707.88
2023-01-23 23:59:59.999,22916.45
2023-01-24 23:59:59.999,22632.89
2023-01-25 23:59:59.999,23060.94
2023-01-26 23:59:59.999,23009.65
2023-01-27 23:59:59.999,23074.16
2023-01-28 23:59:59.999,23022.6
2023-01-29 23:59:59.999,23742.3
2023-01-30 23:59:59.999,22826.15
2023-01-31 23:59:59.999,23125.13
2023-02-01 23:59:59.999,23732.66
2023-02-02 23:59:59.999,23488.94
2023-02-03 23:59:59.999,23431.9
2023-02-04 23:59:59.999,23326.84
2023-02-05 23:59:59.999,22932.91
2023-02-06 23:59:59.999,22762.52
2023-02-07 23:59:59.999,23240.46
2023-02-08 23:59:59.999,22963.0
2023-02-09 23:59:59.999,21796.35
2023-02-10 23:59:59.999,21625.19
2023-02-11 23:59:59.999,21862.55
2023-02-12 23:59:59.999,21783.54
2023-02-13 23:59:59.999,21773.97
2023-02-14 23:59:59.999,22199.84
2023-02-15 23:59:59.999,24324.05
2023-02-16 23:59:59.999,23517.72
2023-02-17 23:59:59.999,24569.97
2023-02-18 23:59:59.999,24631.95
2023-02-19 23:59:59.999,24271.76
2023-02-20 23:59:59.999,24842.2
2023-02-21 23:59:59.999,24452.16
2023-02-22 23:59:59.999,24182.21
2023-02-23 23:59:59.999,23940.2
2023-02-24 23:59:59.999,23185.29
2023-02-25 23:59:59.999,23157.07
2023-02-26 23:59:59.999,23554.85
2023-02-27 23:59:59.999,23492.09
2023-02-28 23:59:59.999,23141.57
2023-03-01 23:59:59.999,23628.97
2023-03-02 23:59:59.999,23465.32
2023-03-03 23:59:59.999,22354.34
2023-03-04 23:59:59.999,22346.57
2023-03-05 23:59:59.999,22430.24
2023-03-06 23:59:59.999,22410.0
2023-03-07 23:59:59.999,22197.96
2023-03-08 23:59:59.999,21705.44
2023-03-09 23:59:59.999,20362.22
2023-03-10 23:59:59.999,20150.69
2023-03-11 23:59:59.999,20455.73
2023-03-12 23:59:59.999,21997.11
2023-03-13 23:59:59.999,24113.48
2023-03-14 23:59:59.999,24670.41
2023-03-15 23:59:59.999,24285.66
2023-03-16 23:59:59.999,24998.78
2023-03-17 23:59:59.999,27395.13
2023-03-18 23:59:59.999,26907.49
2023-03-19 23:59:59.999,27972.87
2023-03-20 23:59:59.999,27717.01
2023-03-21 23:59:59.999,28105.47
2023-03-22 23:59:59.999,27250.97
2023-03-23 23:59:59.999,28295.41
2023-03-24 23:59:59.999,27454.47
2023-03-25 23:59:59.999,27462.95
2023-03-26 23:59:59.999,27968.05
2023-03-27 23:59:59.999,27124.91
2023-03-28 23:59:59.999,27261.07
2023-03-29 23:59:59.999,28348.6
2023-03-30 23:59:59.999,28028.53
2023-03-31 23:59:59.999,28465.36
2023-04-01 23:59:59.999,28452.73
2023-04-02 23:59:59.999,28171.87
2023-04-03 23:59:59.999,27800.0
2023-04-04 23:59:59.999,28165.47
2023-04-05 23:59:59.999,28170.01
2023-04-06 23:59:59.999,28033.82
2023-04-07 23:59:59.999,27906.33
2023-04-08 23:59:59.999,27938.38
2023-04-09 23:59:59.999,28323.76
2023-04-10 23:59:59.999,29637.34
2023-04-11 23:59:59.999,30200.42
2023-04-12 23:59:59.999,29888.07
2023-04-13 23:59:59.999,30373.84
2023-04-14 23:59:59.999,30466.93
2023-04-15 23:59:59.999,30295.09
2023-04-16 23:59:59.999,30304.65
2023-04-17 23:59:59.999,29430.27
2023-04-18 23:59:59.999,30380.01
2023-04-19 23:59:59.999,28797.1
2023-04-20 23:59:59.999,28243.65
2023-04-21 23:59:59.999,27262.84
2023-04-22 23:59:59.999,27816.85
2023-04-23 23:59:59.999,27590.6
2023-04-24 23:59:59.999,27510.93
2023-04-25 23:59:59.999,28300.79
2023-04-26 23:59:59.999,28415.29
2023-04-27 23:59:59.999,29472.77
2023-04-28 23:59:59.999,29311.7
2023-04-29 23:59:59.999,29230.45
2023-04-30 23:59:59.999,29233.21
2023-05-01 23:59:59.999,28068.26
2023-05-02 23:59:59.999,28669.86
2023-05-03 23:59:59.999,29026.16
2023-05-04 23:59:59.999,28838.16
2023-05-05 23:59:59.999,29505.61
2023-05-06 23:59:59.999,28848.2
2023-05-07 23:59:59.999,28430.1
2023-05-08 23:59:59.999,27668.79
2023-05-09 23:59:59.999,27628.27
2023-05-10 23:59:59.999,27598.75
2023-05-11 23:59:59.999,26968.62
2023-05-12 23:59:59.999,26795.01
2023-05-13 23:59:59.999,26775.28
2023-05-14 23:59:59.999,26917.62
2023-05-15 23:59:59.999,27162.14
2023-05-16 23:59:59.999,27033.84
2023-05-17 23:59:59.999,27405.61
2023-05-18 23:59:59.999,26821.28
2023-05-19 23:59:59.999,26880.26
2023-05-20 23:59:59.999,27102.43
2023-05-21 23:59:59.999,26747.78
2023-05-22 23:59:59.999,26849.27
2023-05-23 23:59:59.999,27219.61
2023-05-24 23:59:59.999,26329.01
2023-05-25 23:59:59.999,26473.79
2023-05-26 23:59:59.999,26705.92
2023-05-27 23:59:59.999,26854.27
2023-05-28 23:59:59.999,28065.0
2023-05-29 23:59:59.999,27736.4
2023-05-30 23:59:59.999,27694.4
2023-05-31 23:59:59.999,27210.35
2023-06-01 23:59:59.999,26817.93
2023-06-02 23:59:59.999,27242.59
2023-06-03 23:59:59.999,27069.22
2023-06-04 23:59:59.999,27115.21
2023-06-05 23:59:59.999,25728.2
2023-06-06 23:59:59.999,27230.08
2023-06-07 23:59:59.999,26339.34
2023-06-08 23:59:59.999,26498.61
2023-06-09 23:59:59.999,26477.81
2023-06-10 23:59:59.999,25841.21
2023-06-11 23:59:59.999,25925.55
2023-06-12 23:59:59.999,25905.19
2023-06-13 23:59:59.999,25934.25
2023-06-14 23:59:59.999,25128.6
2023-06-15 23:59:59.999,25598.49
2023-06-16 23:59:59.999,26345.0
2023-06-17 23:59:59.999,26516.99
2023-06-18 23:59:59.999,26339.97
2023-06-19 23:59:59.999,26844.35
2023-06-20 23:59:59.999,28307.99
2023-06-21 23:59:59.999,29993.89
2023-06-22 23:59:59.999,29884.92
2023-06-23 23:59:59.999,30688.5
2023-06-24 23:59:59.999,30527.43
2023-06-25 23:59:59.999,30462.66
2023-06-26 23:59:59.999,30267.99
2023-06-27 23:59:59.999,30692.44
2023-06-28 23:59:59.999,30077.41
2023-06-29 23:59:59.999,30447.31
2023-06-30 23:59:59.999,30472.0
2023-07-01 23:59:59.999,30585.9
2023-07-02 23:59:59.999,30617.03
2023-07-03 23:59:59.999,31156.2
2023-07-04 23:59:59.999,30766.51
2023-07-05 23:59:59.999,30504.81
2023-07-06 23:59:59.999,29895.43
2023-07-07 23:59:59.999,30344.7
2023-07-08 23:59:59.999,30284.63
2023-07-09 23:59:59.999,30160.71
2023-07-10 23:59:59.999,30411.57
2023-07-11 23:59:59.999,30622.1
2023-07-12 23:59:59.999,30380.0
2023-07-13 23:59:59.999,31454.23
2023-07-14 23:59:59.999,30312.01
2023-07-15 23:59:59.999,30289.52
2023-07-16 23:59:59.999,30231.99
2023-07-17 23:59:59.999,30138.0
2023-07-18 23:59:59.999,29859.13
2023-07-19 23:59:59.999,29909.21
2023-07-20 23:59:59.999,29800.0
2023-07-21 23:59:59.999,29901.72
2023-07-22 23:59:59.999,29794.0
2023-07-23 23:59:59.999,30083.75
2023-07-24 23:59:59.999,29176.5
2023-07-25 23:59:59.999,29228.91
2023-07-26 23:59:59.999,29351.96
2023-07-27 23:59:59.999,29222.78
2023-07-28 23:59:59.999,29314.14
2023-07-29 23:59:59.999,29352.9
2023-07-30 23:59:59.999,29281.09
2023-07-31 23:59:59.999,29232.25
2023-08-01 23:59:59.999,29705.99
2023-08-02 23:59:59.999,29186.01
2023-08-03 23:59:59.999,29193.64
2023-08-04 23:59:59.999,29113.99
2023-08-05 23:59:59.999,29072.13
2023-08-06 23:59:59.999,29088.42
2023-08-07 23:59:59.999,29211.06
2023-08-08 23:59:59.999,29770.42
2023-08-09 23:59:59.999,29581.99
2023-08-10 23:59:59.999,29455.75
2023-08-11 23:59:59.999,29426.03
2023-08-12 23:59:59.999,29430.17
2023-08-13 23:59:59.999,29303.84
2023-08-14 23:59:59.999,29430.93
2023-08-15 23:59:59.999,29200.0
2023-08-16 23:59:59.999,28730.51
2023-08-17 23:59:59.999,26623.41
2023-08-18 23:59:59.999,26054.0
2023-08-19 23:59:59.999,26100.01
2023-08-20 23:59:59.999,26189.99
2023-08-21 23:59:59.999,26126.92
2023-08-22 23:59:59.999,26056.0
2023-08-23 23:59:59.999,26432.72
2023-08-24 23:59:59.999,26180.05
2023-08-25 23:59:59.999,26060.01
2023-08-26 23:59:59.999,26017.37
2023-08-27 23:59:59.999,26101.77
2023-08-28 23:59:59.999,26120.0
2023-08-29 23:59:59.999,27716.34
2023-08-30 23:59:59.999,27299.99
2023-08-31 23:59:59.999,25940.78
2023-09-01 23:59:59.999,25805.05
2023-09-02 23:59:59.999,25869.51
2023-09-03 23:59:59.999,25971.21
2023-09-04 23:59:59.999,25826.02
2023-09-05 23:59:59.999,25792.1
2023-09-06 23:59:59.999,25759.95
2023-09-07 23:59:59.999,26255.0
2023-09-08 23:59:59.999,25910.5
2023-09-09 23:59:59.999,25901.61
2023-09-10 23:59:59.999,25841.61
2023-09-11 23:59:59.999,25162.52
2023-09-12 23:59:59.999,25840.1
2023-09-13 23:59:59.999,26222.0
2023-09-14 23:59:59.999,26522.73
2023-09-15 23:59:59.999,26600.0
2023-09-16 23:59:59.999,26559.67
2023-09-17 23:59:59.999,26527.51
2023-09-18 23:59:59.999,26762.51
2023-09-19 23:59:59.999,27210.26
2023-09-20 23:59:59.999,27125.0
2023-09-21 23:59:59.999,26568.08
2023-09-22 23:59:59.999,26580.14
2023-09-23 23:59:59.999,26575.96
2023-09-24 23:59:59.999,26248.38
2023-09-25 23:59:59.999,26304.81
2023-09-26 23:59:59.999,26221.67
2023-09-27 23:59:59.999,26372.99
2023-09-28 23:59:59.999,27021.39
2023-09-29 23:59:59.999,26906.96
2023-09-30 23:59:59.999,26962.56
2023-10-01 23:59:59.999,27992.57
2023-10-02 23:59:59.999,27494.51
2023-10-03 23:59:59.999,27426.46
2023-10-04 23:59:59.999,27778.57
2023-10-05 23:59:59.999,27410.39
2023-10-06 23:59:59.999,27931.09
2023-10-07 23:59:59.999,27956.67
2023-10-08 23:59:59.999,27917.05
2023-10-09 23:59:59.999,27590.12
2023-10-10 23:59:59.999,27390.12
2023-10-11 23:59:59.999,26875.52
2023-10-12 23:59:59.999,26759.63
2023-10-13 23:59:59.999,26862.0
2023-10-14 23:59:59.999,26852.48
2023-10-15 23:59:59.999,27154.15
2023-10-16 23:59:59.999,28500.78
2023-10-17 23:59:59.999,28395.91
2023-10-18 23:59:59.999,28320.0
2023-10-19 23:59:59.999,28713.71
2023-10-20 23:59:59.999,29669.04
2023-10-21 23:59:59.999,29909.8
2023-10-22 23:59:59.999,29992.46
2023-10-23 23:59:59.999,33069.99
2023-10-24 23:59:59.999,33922.73
2023-10-25 23:59:59.999,34496.05
2023-10-26 23:59:59.999,34151.66
2023-10-27 23:59:59.999,33892.02
2023-10-28 23:59:59.999,34081.0
2023-10-29 23:59:59.999,34525.89
2023-10-30 23:59:59.999,34474.73
2023-10-31 23:59:59.999,34639.77
2023-11-01 23:59:59.999,35421.43
2023-11-02 23:59:59.999,34941.59
2023-11-03 23:59:59.999,34716.78
2023-11-04 23:59:59.999,35062.07
2023-11-05 23:59:59.999,35011.88
2023-11-06 23:59:59.999,35046.09
2023-11-07 23:59:59.999,35399.12
2023-11-08 23:59:59.999,35624.72
2023-11-09 23:59:59.999,36701.09
2023-11-10 23:59:59.999,37301.63
2023-11-11 23:59:59.999,37130.0
2023-11-12 23:59:59.999,37064.13
2023-11-13 23:59:59.999,36462.93
2023-11-14 23:59:59.999,35551.19
2023-11-15 23:59:59.999,37858.2
2023-11-16 23:59:59.999,36163.51
2023-11-17 23:59:59.999,36613.92
2023-11-18 23:59:59.999,36568.1
2023-11-19 23:59:59.999,37359.86
2023-11-20 23:59:59.999,37448.78
2023-11-21 23:59:59.999,35741.65
2023-11-22 23:59:59.999,37408.34
2023-11-23 23:59:59.999,37294.28
2023-11-24 23:59:59.999,37713.57
2023-11-25 23:59:59.999,37780.67
2023-11-26 23:59:59.999,37447.43
2023-11-27 23:59:59.999,37242.7
2023-11-28 23:59:59.999,37818.87
2023-11-29 23:59:59.999,37854.64
2023-11-30 23:59:59.999,37723.96
2023-12-01 23:59:59.999,38682.52
2023-12-02 23:59:59.999,39450.35
2023-12-03 23:59:59.999,39972.26
2023-12-04 23:59:59.999,41991.1
2023-12-05 23:59:59.999,44073.32
2023-12-06 23:59:59.999,43762.69
2023-12-07 23:59:59.999,43273.14
2023-12-08 23:59:59.999,44170.99
2023-12-09 23:59:59.999,43713.6
2023-12-10 23:59:59.999,43789.51
2023-12-11 23:59:59.999,41253.4
2023-12-12 23:59:59.999,41492.39
2023-12-13 23:59:59.999,42869.03
2023-12-14 23:59:59.999,43022.26
2023-12-15 23:59:59.999,41940.3
2023-12-16 23:59:59.999,42278.03
2023-12-17 23:59:59.999,41374.65
2023-12-18 23:59:59.999,42657.8
2023-12-19 23:59:59.999,42275.99
2023-12-20 23:59:59.999,43668.93
2023-12-21 23:59:59.999,43861.8
2023-12-22 23:59:59.999,43969.04
2023-12-23 23:59:59.999,43702.16
2023-12-24 23:59:59.999,42991.5
2023-12-25 23:59:59.999,43576.13
2023-12-26 23:59:59.999,42508.93
2023-12-27 23:59:59.999,43428.85
2023-12-28 23:59:59.999,42563.76
2023-12-29 23:59:59.999,42066.95
2023-12-30 23:59:59.999,42140.28
2023-12-31 23:59:59.999,42283.58
2024-01-01 23:59:59.999,44179.55
2024-01-02 23:59:59.999,44946.91
2024-01-03 23:59:59.999,42845.23
2024-01-04 23:59:59.999,44151.1
2024-01-05 23:59:59.999,44145.11
2024-01-06 23:59:59.999,43968.32
2024-01-07 23:59:59.999,43929.02
2024-01-08 23:59:59.999,46951.04
2024-01-09 23:59:59.999,46110.0
2024-01-10 23:59:59.999,46653.99
2024-01-11 23:59:59.999,46339.16
2024-01-12 23:59:59.999,42782.73
2024-01-13 23:59:59.999,42847.99
2024-01-14 23:59:59.999,41732.35
2024-01-15 23:59:59.999,42511.1
2024-01-16 23:59:59.999,43137.95
2024-01-17 23:59:59.999,42776.1
2024-01-18 23:59:59.999,41327.5
2024-01-19 23:59:59.999,41659.03
2024-01-20 23:59:59.999,41696.04
2024-01-21 23:59:59.999,41580.33
2024-01-22 23:59:59.999,39568.02
2024-01-23 23:59:59.999,39897.6
2024-01-24 23:59:59.999,40084.88
2024-01-25 23:59:59.999,39961.09
2024-01-26 23:59:59.999,41823.51
2024-01-27 23:59:59.999,42120.63
2024-01-28 23:59:59.999,42031.06
2024-01-29 23:59:59.999,43302.7
2024-01-30 23:59:59.999,42941.1
2024-01-31 23:59:59.999,42580.0
2024-02-01 23:59:59.999,43082.94
2024-02-02 23:59:59.999,43200.0
2024-02-03 23:59:59.999,43011.09
2024-02-04 23:59:59.999,42582.88
2024-02-05 23:59:59.999,42708.7
2024-02-06 23:59:59.999,43098.95
2024-02-07 23:59:59.999,44349.6
2024-02-08 23:59:59.999,45288.65
2024-02-09 23:59:59.999,47132.77
2024-02-10 23:59:59.999,47751.09
2024-02-11 23:59:59.999,48299.99
2024-02-12 23:59:59.999,49917.27
2024-02-13 23:59:59.999,49699.59
2024-02-14 23:59:59.999,51795.17
2024-02-15 23:59:59.999,51880.0
2024-02-16 23:59:59.999,52124.11
2024-02-17 23:59:59.999,51642.64
2024-02-18 23:59:59.999,52137.67
2024-02-19 23:59:59.999,51774.73
2024-02-20 23:59:59.999,52258.82
2024-02-21 23:59:59.999,51849.39
2024-02-22 23:59:59.999,51288.42
2024-02-23 23:59:59.999,50744.15
2024-02-24 23:59:59.999,51568.22
2024-02-25 23:59:59.999,51728.85
2024-02-26 23:59:59.999,54476.47
2024-02-27 23:59:59.999,57037.34
2024-02-28 23:59:59.999,62432.1
2024-02-29 23:59:59.999,61130.98
2024-03-01 23:59:59.999,62387.9
2024-03-02 23:59:59.999,61987.28
2024-03-03 23:59:59.999,63113.97
2024-03-04 23:59:59.999,68245.71
2024-03-05 23:59:59.999,63724.01
2024-03-06 23:59:59.999,66074.04
2024-03-07 23:59:59.999,66823.17
2024-03-08 23:59:59.999,68124.19
2024-03-09 23:59:59.999,68313.27
2024-03-10 23:59:59.999,68955.88
2024-03-11 23:59:59.999,72078.1
2024-03-12 23:59:59.999,71452.01
2024-03-13 23:59:59.999,73072.41
2024-03-14 23:59:59.999,71388.94
2024-03-15 23:59:59.999,69499.85
2024-03-16 23:59:59.999,65300.63
2024-03-17 23:59:59.999,68393.48
2024-03-18 23:59:59.999,67609.99
2024-03-19 23:59:59.999,61937.4
2024-03-20 23:59:59.999,67840.51
2024-03-21 23:59:59.999,65501.27
2024-03-22 23:59:59.999,63796.64
2024-03-23 23:59:59.999,63990.01
2024-03-24 23:59:59.999,67209.99
2024-03-25 23:59:59.999,69880.01
2024-03-26 23:59:59.999,69988.0
2024-03-27 23:59:59.999,69469.99
2024-03-28 23:59:59.999,70780.6
2024-03-29 23:59:59.999,69850.54
2024-03-30 23:59:59.999,69582.18
2024-03-31 23:59:59.999,71280.01
2024-04-01 23:59:59.999,69649.8
2024-04-02 23:59:59.999,65463.99
2024-04-03 23:59:59.999,65963.28
2024-04-04 23:59:59.999,68487.79
2024-04-05 23:59:59.999,67820.62
2024-04-06 23:59:59.999,68896.0
2024-04-07 23:59:59.999,69360.39
2024-04-08 23:59:59.999,71620.0
2024-04-09 23:59:59.999,69146.0
2024-04-10 23:59:59.999,70631.08
2024-04-11 23:59:59.999,70006.23
2024-04-12 23:59:59.999,67116.52
2024-04-13 23:59:59.999,63924.51
2024-04-14 23:59:59.999,65661.84
2024-04-15 23:59:59.999,63419.99
2024-04-16 23:59:59.999,63793.39
2024-04-17 23:59:59.999,61277.37
2024-04-18 23:59:59.999,63470.08
2024-04-19 23:59:59.999,63818.01
2024-04-20 23:59:59.999,64940.59
2024-04-21 23:59:59.999,64941.15
2024-04-22 23:59:59.999,66819.32
2024-04-23 23:59:59.999,66414.0
2024-04-24 23:59:59.999,64289.59
2024-04-25 23:59:59.999,64498.34
2024-04-26 23:59:59.999,63770.01
2024-04-27 23:59:59.999,63461.98
2024-04-28 23:59:59.999,63118.62
2024-04-29 23:59:59.999,63866.0
2024-04-30 23:59:59.999,60672.0
2024-05-01 23:59:59.999,58364.97
2024-05-02 23:59:59.999,59060.61
2024-05-03 23:59:59.999,62882.01
2024-05-04 23:59:59.999,63892.04
2024-05-05 23:59:59.999,64012.0
2024-05-06 23:59:59.999,63165.19
2024-05-07 23:59:59.999,62312.08
2024-05-08 23:59:59.999,61193.03
2024-05-09 23:59:59.999,63074.01
2024-05-10 23:59:59.999,60799.99
2024-05-11 23:59:59.999,60825.99
2024-05-12 23:59:59.999,61483.99
2024-05-13 23:59:59.999,62940.08
2024-05-14 23:59:59.999,61577.49
2024-05-15 23:59:59.999,66206.5
2024-05-16 23:59:59.999,65235.21
2024-05-17 23:59:59.999,67024.0
2024-05-18 23:59:59.999,66915.2
2024-05-19 23:59:59.999,66274.01
2024-05-20 23:59:59.999,71446.62
2024-05-21 23:59:59.999,70148.34
2024-05-22 23:59:59.999,69166.62
2024-05-23 23:59:59.999,67969.65
2024-05-24 23:59:59.999,68549.99
2024-05-25 23:59:59.999,69290.57
2024-05-26 23:59:59.999,68507.67
2024-05-27 23:59:59.999,69436.43
2024-05-28 23:59:59.999,68398.39
2024-05-29 23:59:59.999,67652.42
2024-05-30 23:59:59.999,68352.17
2024-05-31 23:59:59.999,67540.01
2024-06-01 23:59:59.999,67766.85
2024-06-02 23:59:59.999,67765.63
2024-06-03 23:59:59.999,68809.9
2024-06-04 23:59:59.999,70537.84
2024-06-05 23:59:59.999,71108.0
2024-06-06 23:59:59.999,70799.06
2024-06-07 23:59:59.999,69355.6
2024-06-08 23:59:59.999,69310.46
2024-06-09 23:59:59.999,69648.14
2024-06-10 23:59:59.999,69540.0
2024-06-11 23:59:59.999,67314.24
2024-06-12 23:59:59.999,68263.99
2024-06-13 23:59:59.999,66773.01
2024-06-14 23:59:59.999,66043.99
2024-06-15 23:59:59.999,66228.25
2024-06-16 23:59:59.999,66676.87
2024-06-17 23:59:59.999,66504.33
2024-06-18 23:59:59.999,65175.32
2024-06-19 23:59:59.999,64974.37
2024-06-20 23:59:59.999,64869.99
2024-06-21 23:59:59.999,64143.56
2024-06-22 23:59:59.999,64262.01
2024-06-23 23:59:59.999,63210.01
2024-06-24 23:59:59.999,60293.3
2024-06-25 23:59:59.999,61806.01
2024-06-26 23:59:59.999,60864.99
2024-06-27 23:59:59.999,61706.47
2024-06-28 23:59:59.999,60427.84
2024-06-29 23:59:59.999,60986.68
2024-06-30 23:59:59.999,62772.01
2024-07-01 23:59:59.999,62899.99
2024-07-02 23:59:59.999,62135.47
2024-07-03 23:59:59.999,60208.58
2024-07-04 23:59:59.999,57050.01
2024-07-05 23:59:59.999,56628.79
2024-07-06 23:59:59.999,58230.13
2024-07-07 23:59:59.999,55857.81
2024-07-08 23:59:59.999,56714.62
2024-07-09 23:59:59.999,58050.0
2024-07-10 23:59:59.999,57725.85
2024-07-11 23:59:59.999,57339.89
2024-07-12 23:59:59.999,57889.1
2024-07-13 23:59:59.999,59204.02
2024-07-14 23:59:59.999,60797.91
2024-07-15 23:59:59.999,64724.14
2024-07-16 23:59:59.999,65043.99
2024-07-17 23:59:59.999,64087.99
2024-07-18 23:59:59.999,63987.92
2024-07-19 23:59:59.999,66660.0
2024-07-20 23:59:59.999,67139.96
2024-07-21 23:59:59.999,68165.34
2024-07-22 23:59:59.999,67532.01
2024-07-23 23:59:59.999,65936.01
2024-07-24 23:59:59.999,65376.0
2024-07-25 23:59:59.999,65799.95
2024-07-26 23:59:59.999,67907.99
2024-07-27 23:59:59.999,67896.5
2024-07-28 23:59:59.999,68249.88
2024-07-29 23:59:59.999,66784.69
2024-07-30 23:59:59.999,66188.0
2024-07-31 23:59:59.999,64628.0
2024-08-01 23:59:59.999,65354.02
2024-08-02 23:59:59.999,61498.33
2024-08-03 23:59:59.999,60697.99
2024-08-04 23:59:59.999,58161.0
2024-08-05 23:59:59.999,54018.81
2024-08-06 23:59:59.999,56022.01
2024-08-07 23:59:59.999,55134.16
2024-08-08 23:59:59.999,61685.99
2024-08-09 23:59:59.999,60837.99
2024-08-10 23:59:59.999,60923.51
2024-08-11 23:59:59.999,58712.59
2024-08-12 23:59:59.999,59346.64
2024-08-13 23:59:59.999,60587.15
2024-08-14 23:59:59.999,58683.39
2024-08-15 23:59:59.999,57541.06
2024-08-16 23:59:59.999,58874.6
2024-08-17 23:59:59.999,59491.99
2024-08-18 23:59:59.999,58427.35
2024-08-19 23:59:59.999,59438.5
2024-08-20 23:59:59.999,59013.8
2024-08-21 23:59:59.999,61156.03
2024-08-22 23:59:59.999,60375.84
2024-08-23 23:59:59.999,64037.24
2024-08-24 23:59:59.999,64157.01
2024-08-25 23:59:59.999,64220.0
2024-08-26 23:59:59.999,62834.0
2024-08-27 23:59:59.999,59415.0
2024-08-28 23:59:59.999,59034.9
2024-08-29 23:59:59.999,59359.01
2024-08-30 23:59:59.999,59123.99
2024-08-31 23:59:59.999,58973.99
2024-09-01 23:59:59.999,57301.86
2024-09-02 23:59:59.999,59132.13
2024-09-03 23:59:59.999,57487.73
2024-09-04 23:59:59.999,57970.9
2024-09-05 23:59:59.999,56180.0
2024-09-06 23:59:59.999,53962.97
2024-09-07 23:59:59.999,54160.86
2024-09-08 23:59:59.999,54869.95
2024-09-09 23:59:59.999,57042.0
2024-09-10 23:59:59.999,57635.99
2024-09-11 23:59:59.999,57338.0
2024-09-12 23:59:59.999,58132.32
2024-09-13 23:59:59.999,60498.0
2024-09-14 23:59:59.999,59993.03
2024-09-15 23:59:59.999,59132.0
2024-09-16 23:59:59.999,58213.99
2024-09-17 23:59:59.999,60313.99
2024-09-18 23:59:59.999,61759.99
2024-09-19 23:59:59.999,62947.99
2024-09-20 23:59:59.999,63201.05
2024-09-21 23:59:59.999,63348.96
2024-09-22 23:59:59.999,63578.76
2024-09-23 23:59:59.999,63339.99
2024-09-24 23:59:59.999,64262.7
2024-09-25 23:59:59.999,63152.01
2024-09-26 23:59:59.999,65173.99
2024-09-27 23:59:59.999,65769.95
2024-09-28 23:59:59.999,65858.0
2024-09-29 23:59:59.999,65602.01
2024-09-30 23:59:59.999,63327.59
2024-10-01 23:59:59.999,60805.78
2024-10-02 23:59:59.999,60649.28
2024-10-03 23:59:59.999,60752.71
2024-10-04 23:59:59.999,62086.0
2024-10-05 23:59:59.999,62058.0
2024-10-06 23:59:59.999,62819.91
2024-10-07 23:59:59.999,62224.0
2024-10-08 23:59:59.999,62160.49
2024-10-09 23:59:59.999,60636.02
2024-10-10 23:59:59.999,60326.39
2024-10-11 23:59:59.999,62540.0
2024-10-12 23:59:59.999,63206.22
2024-10-13 23:59:59.999,62870.02
2024-10-14 23:59:59.999,66083.99
2024-10-15 23:59:59.999,67074.14
2024-10-16 23:59:59.999,67620.01
2024-10-17 23:59:59.999,67421.78
2024-10-18 23:59:59.999,68428.0
2024-10-19 23:59:59.999,68378.0
2024-10-20 23:59:59.999,69031.99
2024-10-21 23:59:59.999,67377.5
2024-10-22 23:59:59.999,67426.0
2024-10-23 23:59:59.999,66668.65
2024-10-24 23:59:59.999,68198.28
2024-10-25 23:59:59.999,66698.33
2024-10-26 23:59:59.999,67092.76
2024-10-27 23:59:59.999,68021.7
2024-10-28 23:59:59.999,69962.21
2024-10-29 23:59:59.999,72736.42
2024-10-30 23:59:59.999,72344.74
2024-10-31 23:59:59.999,70292.01
2024-11-01 23:59:59.999,69496.01
2024-11-02 23:59:59.999,69374.74
2024-11-03 23:59:59.999,68775.99
2024-11-04 23:59:59.999,67850.01
2024-11-05 23:59:59.999,69372.01
2024-11-06 23:59:59.999,75571.99
2024-11-07 23:59:59.999,75857.89
2024-11-08 23:59:59.999,76509.78
2024-11-09 23:59:59.999,76677.46
2024-11-10 23:59:59.999,80370.01
2024-11-11 23:59:59.999,88647.99
2024-11-12 23:59:59.999,87952.01
2024-11-13 23:59:59.999,90375.2
2024-11-14 23:59:59.999,87325.59
2024-11-15 23:59:59.999,91032.07
2024-11-16 23:59:59.999,90586.92
2024-11-17 23:59:59.999,89855.99
2024-11-18 23:59:59.999,90464.08
2024-11-19 23:59:59.999,92310.79
2024-11-20 23:59:59.999,94286.56
2024-11-21 23:59:59.999,98317.12
2024-11-22 23:59:59.999,98892.0
2024-11-23 23:59:59.999,97672.4
2024-11-24 23:59:59.999,97900.04
2024-11-25 23:59:59.999,93010.01
2024-11-26 23:59:59.999,91965.16
2024-11-27 23:59:59.999,95863.11
2024-11-28 23:59:59.999,95643.98
2024-11-29 23:59:59.999,97460.0
2024-11-30 23:59:59.999,96407.99
2024-12-01 23:59:59.999,97185.18
2024-12-02 23:59:59.999,95840.62
2024-12-03 23:59:59.999,95849.69
2024-12-04 23:59:59.999,98587.32
2024-12-05 23:59:59.999,96945.63
2024-12-06 23:59:59.999,99740.84
2024-12-07 23:59:59.999,99831.99
2024-12-08 23:59:59.999,101109.59
2024-12-09 23:59:59.999,97276.47
2024-12-10 23:59:59.999,96593.0
2024-12-11 23:59:59.999,101125.0
2024-12-12 23:59:59.999,100004.29
2024-12-13 23:59:59.999,101424.25
2024-12-14 23:59:59.999,101420.0
2024-12-15 23:59:59.999,104463.99
2024-12-16 23:59:59.999,106058.66
2024-12-17 23:59:59.999,106133.74
2024-12-18 23:59:59.999,100204.01
2024-12-19 23:59:59.999,97461.86
2024-12-20 23:59:59.999,97805.44
2024-12-21 23:59:59.999,97291.99
2024-12-22 23:59:59.999,95186.27
2024-12-23 23:59:59.999,94881.47
2024-12-24 23:59:59.999,98663.58
2024-12-25 23:59:59.999,99429.6
2024-12-26 23:59:59.999,95791.6
2024-12-27 23:59:59.999,94299.03
2024-12-28 23:59:59.999,95300.0
2024-12-29 23:59:59.999,93738.2
2024-12-30 23:59:59.999,92792.05
2024-12-31 23:59:59.999,93576.0
2025-01-01 23:59:59.999,94591.79
