timestamp,Close
2025-06-01 00:00:00,2528.06
2025-06-01 00:00:01,2528.06
2025-06-01 00:00:02,2528.06
2025-06-01 00:00:03,2528.06
2025-06-01 00:00:04,2528.05
2025-06-01 00:00:05,2528.5
2025-06-01 00:00:06,2528.2
2025-06-01 00:00:07,2528.11
2025-06-01 00:00:08,2528.11
2025-06-01 00:00:09,2528.31
2025-06-01 00:00:10,2528.31
2025-06-01 00:00:11,2528.11
2025-06-01 00:00:12,2527.65
2025-06-01 00:00:13,2527.65
2025-06-01 00:00:14,2527.65
2025-06-01 00:00:15,2527.62
2025-06-01 00:00:16,2527.5
2025-06-01 00:00:17,2527.5
2025-06-01 00:00:18,2527.5
2025-06-01 00:00:19,2527.57
2025-06-01 00:00:20,2527.57
2025-06-01 00:00:21,2527.58
2025-06-01 00:00:22,2527.58
2025-06-01 00:00:23,2527.59
2025-06-01 00:00:24,2527.58
2025-06-01 00:00:25,2527.39
2025-06-01 00:00:26,2527.38
2025-06-01 00:00:27,2527.38
2025-06-01 00:00:28,2527.38
2025-06-01 00:00:29,
2025-06-01 00:00:30,
2025-06-01 00:00:31,2527.39
2025-06-01 00:00:32,
2025-06-01 00:00:33,2527.38
2025-06-01 00:00:34,2527.38
2025-06-01 00:00:35,2527.39
2025-06-01 00:00:36,2527.38
2025-06-01 00:00:37,2527.38
2025-06-01 00:00:38,
2025-06-01 00:00:39,2527.38
2025-06-01 00:00:40,
2025-06-01 00:00:41,
2025-06-01 00:00:42,2527.39
2025-06-01 00:00:43,2527.39
2025-06-01 00:00:44,2527.39
2025-06-01 00:00:45,2527.39
2025-06-01 00:00:46,2527.39
2025-06-01 00:00:47,2528.0
2025-06-01 00:00:48,2528.02
2025-06-01 00:00:49,2528.03
2025-06-01 00:00:50,2528.09
2025-06-01 00:00:51,2528.09
2025-06-01 00:00:52,2528.28
2025-06-01 00:00:53,2528.28
2025-06-01 00:00:54,
2025-06-01 00:00:55,2528.53
2025-06-01 00:00:56,2528.53
2025-06-01 00:00:57,2528.53
2025-06-01 00:00:58,2528.53
2025-06-01 00:00:59,2528.52
2025-06-01 00:01:00,2528.53
2025-06-01 00:01:01,2528.58
2025-06-01 00:01:02,2528.59
2025-06-01 00:01:03,2528.58
2025-06-01 00:01:04,2528.59
2025-06-01 00:01:05,
2025-06-01 00:01:06,2528.59
2025-06-01 00:01:07,2528.59
2025-06-01 00:01:08,2528.28
2025-06-01 00:01:09,2527.57
2025-06-01 00:01:10,2527.57
2025-06-01 00:01:11,2527.58
2025-06-01 00:01:12,
2025-06-01 00:01:13,2527.58
2025-06-01 00:01:14,
2025-06-01 00:01:15,2527.5
2025-06-01 00:01:16,
2025-06-01 00:01:17,2527.11
2025-06-01 00:01:18,
2025-06-01 00:01:19,2527.11
2025-06-01 00:01:20,2527.11
2025-06-01 00:01:21,2527.1
2025-06-01 00:01:22,2526.59
2025-06-01 00:01:23,2526.59
2025-06-01 00:01:24,2526.25
2025-06-01 00:01:25,2526.24
2025-06-01 00:01:26,2526.25
2025-06-01 00:01:27,
2025-06-01 00:01:28,2526.25
2025-06-01 00:01:29,2526.24
2025-06-01 00:01:30,2526.25
2025-06-01 00:01:31,2526.38
2025-06-01 00:01:32,2526.38
2025-06-01 00:01:33,2526.38
2025-06-01 00:01:34,2526.38
2025-06-01 00:01:35,2526.38
2025-06-01 00:01:36,2526.39
2025-06-01 00:01:37,2526.39
2025-06-01 00:01:38,2526.38
2025-06-01 00:01:39,2526.38
2025-06-01 00:01:40,2526.38
2025-06-01 00:01:41,2526.39
2025-06-01 00:01:42,2526.39
2025-06-01 00:01:43,2526.39
2025-06-01 00:01:44,2525.9
2025-06-01 00:01:45,2525.66
2025-06-01 00:01:46,2525.65
2025-06-01 00:01:47,2525.66
2025-06-01 00:01:48,2525.66
2025-06-01 00:01:49,2525.49
2025-06-01 00:01:50,2525.49
2025-06-01 00:01:51,2525.5
2025-06-01 00:01:52,2524.79
2025-06-01 00:01:53,2526.11
2025-06-01 00:01:54,2526.12
2025-06-01 00:01:55,
2025-06-01 00:01:56,2526.06
2025-06-01 00:01:57,2526.11
2025-06-01 00:01:58,2526.11
2025-06-01 00:01:59,2526.1
2025-06-01 00:02:00,2526.11
2025-06-01 00:02:01,2526.1
2025-06-01 00:02:02,
2025-06-01 00:02:03,2526.06
2025-06-01 00:02:04,2526.06
2025-06-01 00:02:05,2526.06
2025-06-01 00:02:06,2526.06
2025-06-01 00:02:07,2525.5
2025-06-01 00:02:08,2525.49
2025-06-01 00:02:09,2525.5
2025-06-01 00:02:10,2525.5
2025-06-01 00:02:11,2525.41
2025-06-01 00:02:12,2525.43
2025-06-01 00:02:13,2525.11
2025-06-01 00:02:14,2525.12
2025-06-01 00:02:15,2525.11
2025-06-01 00:02:16,2525.12
2025-06-01 00:02:17,2525.05
2025-06-01 00:02:18,2525.07
2025-06-01 00:02:19,2525.07
2025-06-01 00:02:20,2525.53
2025-06-01 00:02:21,2525.31
2025-06-01 00:02:22,2525.31
2025-06-01 00:02:23,2525.14
2025-06-01 00:02:24,
2025-06-01 00:02:25,2525.14
2025-06-01 00:02:26,2525.14
2025-06-01 00:02:27,2525.14
2025-06-01 00:02:28,2525.88
2025-06-01 00:02:29,2525.78
2025-06-01 00:02:30,2525.88
2025-06-01 00:02:31,2525.99
2025-06-01 00:02:32,2525.99
2025-06-01 00:02:33,
2025-06-01 00:02:34,2526.0
2025-06-01 00:02:35,2526.0
2025-06-01 00:02:36,2525.99
2025-06-01 00:02:37,2526.0
2025-06-01 00:02:38,2526.0
2025-06-01 00:02:39,2526.0
2025-06-01 00:02:40,2525.99
2025-06-01 00:02:41,2526.0
2025-06-01 00:02:42,2525.99
2025-06-01 00:02:43,2526.0
2025-06-01 00:02:44,
2025-06-01 00:02:45,2525.99
2025-06-01 00:02:46,
2025-06-01 00:02:47,
2025-06-01 00:02:48,2526.0
2025-06-01 00:02:49,2526.0
2025-06-01 00:02:50,2525.99
2025-06-01 00:02:51,2526.27
2025-06-01 00:02:52,2526.86
2025-06-01 00:02:53,
2025-06-01 00:02:54,2526.85
2025-06-01 00:02:55,2526.87
2025-06-01 00:02:56,2527.12
2025-06-01 00:02:57,2527.12
2025-06-01 00:02:58,2527.13
2025-06-01 00:02:59,2527.13
2025-06-01 00:03:00,2527.13
2025-06-01 00:03:01,2527.28
2025-06-01 00:03:02,2527.28
2025-06-01 00:03:03,2527.28
2025-06-01 00:03:04,2527.39
2025-06-01 00:03:05,2527.38
2025-06-01 00:03:06,2528.01
2025-06-01 00:03:07,2528.09
2025-06-01 00:03:08,2528.29
2025-06-01 00:03:09,2528.5
2025-06-01 00:03:10,2528.57
2025-06-01 00:03:11,2528.57
2025-06-01 00:03:12,
2025-06-01 00:03:13,2528.58
2025-06-01 00:03:14,2528.79
2025-06-01 00:03:15,2528.79
2025-06-01 00:03:16,2528.8
2025-06-01 00:03:17,2528.39
2025-06-01 00:03:18,
2025-06-01 00:03:19,2528.11
2025-06-01 00:03:20,2527.7
2025-06-01 00:03:21,2527.55
2025-06-01 00:03:22,2527.3
2025-06-01 00:03:23,2527.31
2025-06-01 00:03:24,2527.31
2025-06-01 00:03:25,2527.18
2025-06-01 00:03:26,2527.14
2025-06-01 00:03:27,2527.14
2025-06-01 00:03:28,2526.57
2025-06-01 00:03:29,2526.79
2025-06-01 00:03:30,2526.64
2025-06-01 00:03:31,2526.27
2025-06-01 00:03:32,
2025-06-01 00:03:33,2526.27
2025-06-01 00:03:34,2526.27
2025-06-01 00:03:35,
2025-06-01 00:03:36,2525.94
2025-06-01 00:03:37,2525.94
2025-06-01 00:03:38,2525.95
2025-06-01 00:03:39,
2025-06-01 00:03:40,2525.99
2025-06-01 00:03:41,2525.99
2025-06-01 00:03:42,
2025-06-01 00:03:43,2526.0
2025-06-01 00:03:44,2525.99
2025-06-01 00:03:45,2526.0
2025-06-01 00:03:46,2526.0
2025-06-01 00:03:47,2526.0
2025-06-01 00:03:48,2526.0
2025-06-01 00:03:49,2526.0
2025-06-01 00:03:50,
2025-06-01 00:03:51,2525.89
2025-06-01 00:03:52,
2025-06-01 00:03:53,2525.89
2025-06-01 00:03:54,
2025-06-01 00:03:55,2525.89
2025-06-01 00:03:56,2525.88
2025-06-01 00:03:57,2525.89
2025-06-01 00:03:58,2525.89
2025-06-01 00:03:59,2525.88
2025-06-01 00:04:00,2525.88
2025-06-01 00:04:01,2525.88
2025-06-01 00:04:02,2525.89
2025-06-01 00:04:03,
2025-06-01 00:04:04,2525.89
2025-06-01 00:04:05,
2025-06-01 00:04:06,2525.89
2025-06-01 00:04:07,2525.88
2025-06-01 00:04:08,
2025-06-01 00:04:09,
2025-06-01 00:04:10,2525.88
2025-06-01 00:04:11,2526.27
2025-06-01 00:04:12,
2025-06-01 00:04:13,2526.04
2025-06-01 00:04:14,2526.04
2025-06-01 00:04:15,2526.04
2025-06-01 00:04:16,2526.04
2025-06-01 00:04:17,2526.04
2025-06-01 00:04:18,2526.05
2025-06-01 00:04:19,2525.94
2025-06-01 00:04:20,2525.94
2025-06-01 00:04:21,
2025-06-01 00:04:22,2525.94
2025-06-01 00:04:23,2525.55
2025-06-01 00:04:24,2525.55
2025-06-01 00:04:25,2525.25
2025-06-01 00:04:26,2524.31
2025-06-01 00:04:27,2524.31
2025-06-01 00:04:28,2524.31
2025-06-01 00:04:29,2524.31
2025-06-01 00:04:30,2524.31
2025-06-01 00:04:31,2524.3
2025-06-01 00:04:32,2524.13
2025-06-01 00:04:33,2524.61
2025-06-01 00:04:34,2524.7
2025-06-01 00:04:35,
2025-06-01 00:04:36,2524.69
2025-06-01 00:04:37,2524.69
2025-06-01 00:04:38,2524.69
2025-06-01 00:04:39,2524.7
2025-06-01 00:04:40,2524.7
2025-06-01 00:04:41,2524.25
2025-06-01 00:04:42,2524.24
2025-06-01 00:04:43,2524.25
2025-06-01 00:04:44,2524.25
2025-06-01 00:04:45,2524.7
2025-06-01 00:04:46,2524.69
2025-06-01 00:04:47,
2025-06-01 00:04:48,2524.7
2025-06-01 00:04:49,
2025-06-01 00:04:50,2524.7
2025-06-01 00:04:51,2524.7
2025-06-01 00:04:52,2524.44
2025-06-01 00:04:53,
2025-06-01 00:04:54,
2025-06-01 00:04:55,
2025-06-01 00:04:56,2524.43
2025-06-01 00:04:57,2524.38
2025-06-01 00:04:58,
2025-06-01 00:04:59,2524.38
2025-06-01 00:05:00,2524.77
2025-06-01 00:05:01,2524.9
2025-06-01 00:05:02,2524.99
2025-06-01 00:05:03,2524.91
2025-06-01 00:05:04,
2025-06-01 00:05:05,2525.3
2025-06-01 00:05:06,2525.9
2025-06-01 00:05:07,
2025-06-01 00:05:08,
2025-06-01 00:05:09,2525.9
2025-06-01 00:05:10,2525.91
2025-06-01 00:05:11,2526.57
2025-06-01 00:05:12,2526.57
2025-06-01 00:05:13,2526.56
2025-06-01 00:05:14,2526.32
2025-06-01 00:05:15,2526.32
2025-06-01 00:05:16,2526.11
2025-06-01 00:05:17,2526.01
2025-06-01 00:05:18,2525.76
2025-06-01 00:05:19,2525.76
2025-06-01 00:05:20,2525.76
2025-06-01 00:05:21,2525.75
2025-06-01 00:05:22,2525.76
2025-06-01 00:05:23,2525.75
2025-06-01 00:05:24,2525.76
2025-06-01 00:05:25,2525.76
2025-06-01 00:05:26,2525.76
2025-06-01 00:05:27,2525.89
2025-06-01 00:05:28,
2025-06-01 00:05:29,2526.09
2025-06-01 00:05:30,2526.7
2025-06-01 00:05:31,2526.89
2025-06-01 00:05:32,
2025-06-01 00:05:33,
2025-06-01 00:05:34,
2025-06-01 00:05:35,2526.9
2025-06-01 00:05:36,2526.9
2025-06-01 00:05:37,
2025-06-01 00:05:38,
2025-06-01 00:05:39,
2025-06-01 00:05:40,2526.9
2025-06-01 00:05:41,2526.89
2025-06-01 00:05:42,2526.89
2025-06-01 00:05:43,2526.9
2025-06-01 00:05:44,2526.9
2025-06-01 00:05:45,2526.9
2025-06-01 00:05:46,
2025-06-01 00:05:47,2527.18
2025-06-01 00:05:48,
2025-06-01 00:05:49,2527.18
2025-06-01 00:05:50,2527.18
2025-06-01 00:05:51,
2025-06-01 00:05:52,2527.18
2025-06-01 00:05:53,2527.18
2025-06-01 00:05:54,2527.19
2025-06-01 00:05:55,
2025-06-01 00:05:56,2527.18
2025-06-01 00:05:57,2527.59
2025-06-01 00:05:58,
2025-06-01 00:05:59,2527.4
2025-06-01 00:06:00,2527.35
2025-06-01 00:06:01,
2025-06-01 00:06:02,
2025-06-01 00:06:03,2526.5
2025-06-01 00:06:04,2526.39
2025-06-01 00:06:05,
2025-06-01 00:06:06,2526.39
2025-06-01 00:06:07,
2025-06-01 00:06:08,2526.39
2025-06-01 00:06:09,2527.05
2025-06-01 00:06:10,
2025-06-01 00:06:11,2527.27
2025-06-01 00:06:12,2527.27
2025-06-01 00:06:13,2527.28
2025-06-01 00:06:14,2527.73
2025-06-01 00:06:15,
2025-06-01 00:06:16,2527.73
2025-06-01 00:06:17,2527.73
2025-06-01 00:06:18,2527.74
2025-06-01 00:06:19,2527.73
2025-06-01 00:06:20,2527.65
2025-06-01 00:06:21,2527.6
2025-06-01 00:06:22,2527.61
2025-06-01 00:06:23,
2025-06-01 00:06:24,
2025-06-01 00:06:25,2527.61
2025-06-01 00:06:26,2527.61
2025-06-01 00:06:27,2527.61
2025-06-01 00:06:28,
2025-06-01 00:06:29,2527.6
2025-06-01 00:06:30,2527.61
2025-06-01 00:06:31,2527.6
2025-06-01 00:06:32,2527.51
2025-06-01 00:06:33,
2025-06-01 00:06:34,2527.41
2025-06-01 00:06:35,
2025-06-01 00:06:36,2527.4
2025-06-01 00:06:37,2527.41
2025-06-01 00:06:38,
2025-06-01 00:06:39,2527.41
2025-06-01 00:06:40,
2025-06-01 00:06:41,2527.18
2025-06-01 00:06:42,2527.18
2025-06-01 00:06:43,2527.01
2025-06-01 00:06:44,2527.01
2025-06-01 00:06:45,2526.7
2025-06-01 00:06:46,
2025-06-01 00:06:47,2526.06
2025-06-01 00:06:48,
2025-06-01 00:06:49,2526.07
2025-06-01 00:06:50,2526.07
2025-06-01 00:06:51,2526.06
2025-06-01 00:06:52,2526.06
2025-06-01 00:06:53,2526.07
2025-06-01 00:06:54,2526.07
2025-06-01 00:06:55,2526.01
2025-06-01 00:06:56,2525.91
2025-06-01 00:06:57,2525.9
2025-06-01 00:06:58,
2025-06-01 00:06:59,2525.91
2025-06-01 00:07:00,2525.91
2025-06-01 00:07:01,2525.42
2025-06-01 00:07:02,2525.38
2025-06-01 00:07:03,2525.38
2025-06-01 00:07:04,
2025-06-01 00:07:05,2525.38
2025-06-01 00:07:06,
2025-06-01 00:07:07,2525.38
2025-06-01 00:07:08,
2025-06-01 00:07:09,2525.54
2025-06-01 00:07:10,
2025-06-01 00:07:11,2525.54
2025-06-01 00:07:12,2525.41
2025-06-01 00:07:13,
2025-06-01 00:07:14,2525.41
2025-06-01 00:07:15,2525.81
2025-06-01 00:07:16,
2025-06-01 00:07:17,2525.82
2025-06-01 00:07:18,2526.07
2025-06-01 00:07:19,2526.06
2025-06-01 00:07:20,2526.06
2025-06-01 00:07:21,2526.07
2025-06-01 00:07:22,2526.07
2025-06-01 00:07:23,
2025-06-01 00:07:24,2526.06
2025-06-01 00:07:25,
2025-06-01 00:07:26,
2025-06-01 00:07:27,2525.81
2025-06-01 00:07:28,2525.8
2025-06-01 00:07:29,2525.6
2025-06-01 00:07:30,2525.5
2025-06-01 00:07:31,2525.26
2025-06-01 00:07:32,
2025-06-01 00:07:33,
2025-06-01 00:07:34,
2025-06-01 00:07:35,2525.26
2025-06-01 00:07:36,
2025-06-01 00:07:37,2525.26
2025-06-01 00:07:38,2525.25
2025-06-01 00:07:39,2525.25
2025-06-01 00:07:40,2525.25
2025-06-01 00:07:41,
2025-06-01 00:07:42,2525.26
2025-06-01 00:07:43,
2025-06-01 00:07:44,2525.25
2025-06-01 00:07:45,2525.25
2025-06-01 00:07:46,
2025-06-01 00:07:47,2525.26
2025-06-01 00:07:48,2525.26
2025-06-01 00:07:49,
2025-06-01 00:07:50,2525.26
2025-06-01 00:07:51,2525.26
2025-06-01 00:07:52,
2025-06-01 00:07:53,
2025-06-01 00:07:54,2525.26
2025-06-01 00:07:55,2525.26
2025-06-01 00:07:56,
2025-06-01 00:07:57,2525.26
2025-06-01 00:07:58,2525.26
2025-06-01 00:07:59,2525.26
2025-06-01 00:08:00,2526.31
2025-06-01 00:08:01,2526.31
2025-06-01 00:08:02,2527.06
2025-06-01 00:08:03,
2025-06-01 00:08:04,2526.84
2025-06-01 00:08:05,2526.71
2025-06-01 00:08:06,2526.31
2025-06-01 00:08:07,
2025-06-01 00:08:08,2526.08
2025-06-01 00:08:09,2525.61
2025-06-01 00:08:10,2525.6
2025-06-01 00:08:11,2525.6
2025-06-01 00:08:12,2525.08
2025-06-01 00:08:13,2525.08
2025-06-01 00:08:14,2525.07
2025-06-01 00:08:15,
2025-06-01 00:08:16,2525.07
2025-06-01 00:08:17,
2025-06-01 00:08:18,2525.08
2025-06-01 00:08:19,2525.07
2025-06-01 00:08:20,2525.08
2025-06-01 00:08:21,2525.11
2025-06-01 00:08:22,2524.71
2025-06-01 00:08:23,2524.38
2025-06-01 00:08:24,2524.37
2025-06-01 00:08:25,2525.3
2025-06-01 00:08:26,2525.3
2025-06-01 00:08:27,
2025-06-01 00:08:28,2525.3
2025-06-01 00:08:29,2525.31
2025-06-01 00:08:30,2525.1
2025-06-01 00:08:31,2525.12
2025-06-01 00:08:32,2525.4
2025-06-01 00:08:33,2525.88
2025-06-01 00:08:34,2525.87
2025-06-01 00:08:35,2525.87
2025-06-01 00:08:36,2525.96
2025-06-01 00:08:37,2525.99
2025-06-01 00:08:38,2525.99
2025-06-01 00:08:39,
2025-06-01 00:08:40,2526.0
2025-06-01 00:08:41,
2025-06-01 00:08:42,2525.98
2025-06-01 00:08:43,2525.68
2025-06-01 00:08:44,2525.41
2025-06-01 00:08:45,
2025-06-01 00:08:46,2525.41
2025-06-01 00:08:47,
2025-06-01 00:08:48,2525.76
2025-06-01 00:08:49,2525.77
2025-06-01 00:08:50,2525.76
2025-06-01 00:08:51,2525.76
2025-06-01 00:08:52,
2025-06-01 00:08:53,2525.76
2025-06-01 00:08:54,2525.76
2025-06-01 00:08:55,2525.76
2025-06-01 00:08:56,2525.77
2025-06-01 00:08:57,2525.76
2025-06-01 00:08:58,2525.77
2025-06-01 00:08:59,2525.76
2025-06-01 00:09:00,2525.76
2025-06-01 00:09:01,2525.77
2025-06-01 00:09:02,2525.77
2025-06-01 00:09:03,2526.0
2025-06-01 00:09:04,2525.99
2025-06-01 00:09:05,2525.71
2025-06-01 00:09:06,
2025-06-01 00:09:07,2525.71
2025-06-01 00:09:08,
2025-06-01 00:09:09,
2025-06-01 00:09:10,2525.71
2025-06-01 00:09:11,
2025-06-01 00:09:12,2525.71
2025-06-01 00:09:13,
2025-06-01 00:09:14,2525.7
2025-06-01 00:09:15,2525.71
2025-06-01 00:09:16,2525.71
2025-06-01 00:09:17,2525.41
2025-06-01 00:09:18,2525.0
2025-06-01 00:09:19,2525.01
2025-06-01 00:09:20,2525.01
2025-06-01 00:09:21,
2025-06-01 00:09:22,2525.02
2025-06-01 00:09:23,2525.2
2025-06-01 00:09:24,2525.5
2025-06-01 00:09:25,2525.77
2025-06-01 00:09:26,2525.76
2025-06-01 00:09:27,2525.77
2025-06-01 00:09:28,2525.76
2025-06-01 00:09:29,2525.77
2025-06-01 00:09:30,
2025-06-01 00:09:31,
2025-06-01 00:09:32,2525.76
2025-06-01 00:09:33,2525.9
2025-06-01 00:09:34,
2025-06-01 00:09:35,2525.9
2025-06-01 00:09:36,2525.89
2025-06-01 00:09:37,2526.26
2025-06-01 00:09:38,
2025-06-01 00:09:39,
2025-06-01 00:09:40,2526.27
2025-06-01 00:09:41,2526.27
2025-06-01 00:09:42,
2025-06-01 00:09:43,2526.99
2025-06-01 00:09:44,2526.99
2025-06-01 00:09:45,
2025-06-01 00:09:46,2527.0
2025-06-01 00:09:47,2526.99
2025-06-01 00:09:48,2527.0
2025-06-01 00:09:49,2526.99
2025-06-01 00:09:50,2527.0
2025-06-01 00:09:51,2527.0
2025-06-01 00:09:52,2526.99
2025-06-01 00:09:53,2527.0
2025-06-01 00:09:54,
2025-06-01 00:09:55,2527.0
2025-06-01 00:09:56,2527.0
2025-06-01 00:09:57,2527.32
2025-06-01 00:09:58,2527.33
2025-06-01 00:09:59,
2025-06-01 00:10:00,2527.12
2025-06-01 00:10:01,2527.11
2025-06-01 00:10:02,2527.11
2025-06-01 00:10:03,
2025-06-01 00:10:04,2527.12
2025-06-01 00:10:05,2527.11
2025-06-01 00:10:06,2527.11
2025-06-01 00:10:07,2527.01
2025-06-01 00:10:08,
2025-06-01 00:10:09,2527.0
2025-06-01 00:10:10,2526.8
2025-06-01 00:10:11,
2025-06-01 00:10:12,
2025-06-01 00:10:13,2527.39
2025-06-01 00:10:14,2527.39
2025-06-01 00:10:15,
2025-06-01 00:10:16,2527.39
2025-06-01 00:10:17,
2025-06-01 00:10:18,2527.39
2025-06-01 00:10:19,
2025-06-01 00:10:20,2527.39
2025-06-01 00:10:21,
2025-06-01 00:10:22,2527.39
2025-06-01 00:10:23,2527.39
2025-06-01 00:10:24,2527.38
2025-06-01 00:10:25,2527.38
2025-06-01 00:10:26,
2025-06-01 00:10:27,
2025-06-01 00:10:28,
2025-06-01 00:10:29,2527.39
2025-06-01 00:10:30,2527.3
2025-06-01 00:10:31,2527.1
2025-06-01 00:10:32,2527.11
2025-06-01 00:10:33,
2025-06-01 00:10:34,2526.94
2025-06-01 00:10:35,2526.56
2025-06-01 00:10:36,2526.5
2025-06-01 00:10:37,2526.49
2025-06-01 00:10:38,
2025-06-01 00:10:39,
2025-06-01 00:10:40,2526.99
2025-06-01 00:10:41,2526.99
2025-06-01 00:10:42,2526.99
2025-06-01 00:10:43,2526.98
2025-06-01 00:10:44,2527.27
2025-06-01 00:10:45,2527.27
2025-06-01 00:10:46,2527.28
2025-06-01 00:10:47,
2025-06-01 00:10:48,2527.28
2025-06-01 00:10:49,2527.27
2025-06-01 00:10:50,2527.27
2025-06-01 00:10:51,2526.91
2025-06-01 00:10:52,2526.91
2025-06-01 00:10:53,2527.28
2025-06-01 00:10:54,2527.28
2025-06-01 00:10:55,
2025-06-01 00:10:56,2527.27
2025-06-01 00:10:57,2527.28
2025-06-01 00:10:58,2527.28
2025-06-01 00:10:59,2527.28
2025-06-01 00:11:00,2527.39
2025-06-01 00:11:01,
2025-06-01 00:11:02,
2025-06-01 00:11:03,2527.39
2025-06-01 00:11:04,2527.38
2025-06-01 00:11:05,2526.51
2025-06-01 00:11:06,2526.01
2025-06-01 00:11:07,2526.02
2025-06-01 00:11:08,2526.02
2025-06-01 00:11:09,2525.65
2025-06-01 00:11:10,2525.64
2025-06-01 00:11:11,2525.38
2025-06-01 00:11:12,2525.37
2025-06-01 00:11:13,2524.98
2025-06-01 00:11:14,2524.97
2025-06-01 00:11:15,2524.97
2025-06-01 00:11:16,2525.1
2025-06-01 00:11:17,2525.1
2025-06-01 00:11:18,2525.1
2025-06-01 00:11:19,2525.26
2025-06-01 00:11:20,2525.25
2025-06-01 00:11:21,
2025-06-01 00:11:22,2525.11
2025-06-01 00:11:23,2525.11
2025-06-01 00:11:24,2524.79
2025-06-01 00:11:25,2525.25
2025-06-01 00:11:26,2525.38
2025-06-01 00:11:27,2525.38
2025-06-01 00:11:28,2525.37
2025-06-01 00:11:29,2525.26
2025-06-01 00:11:30,2524.99
2025-06-01 00:11:31,2524.99
2025-06-01 00:11:32,2524.91
2025-06-01 00:11:33,2524.91
2025-06-01 00:11:34,2524.59
2025-06-01 00:11:35,2524.59
2025-06-01 00:11:36,2524.31
2025-06-01 00:11:37,2524.32
2025-06-01 00:11:38,2523.88
2025-06-01 00:11:39,2523.88
2025-06-01 00:11:40,2523.88
2025-06-01 00:11:41,2523.88
2025-06-01 00:11:42,2523.36
2025-06-01 00:11:43,2523.58
2025-06-01 00:11:44,2523.8
2025-06-01 00:11:45,
2025-06-01 00:11:46,2523.81
2025-06-01 00:11:47,2523.8
2025-06-01 00:11:48,2523.81
2025-06-01 00:11:49,2523.81
2025-06-01 00:11:50,2523.81
2025-06-01 00:11:51,2523.81
2025-06-01 00:11:52,
2025-06-01 00:11:53,2523.8
2025-06-01 00:11:54,
2025-06-01 00:11:55,2523.8
2025-06-01 00:11:56,2523.88
2025-06-01 00:11:57,2523.88
2025-06-01 00:11:58,2524.2
2025-06-01 00:11:59,2524.2
2025-06-01 00:12:00,2524.19
2025-06-01 00:12:01,
2025-06-01 00:12:02,2524.2
2025-06-01 00:12:03,2524.25
2025-06-01 00:12:04,2524.46
2025-06-01 00:12:05,
2025-06-01 00:12:06,
2025-06-01 00:12:07,2524.46
2025-06-01 00:12:08,2524.46
2025-06-01 00:12:09,2524.2
2025-06-01 00:12:10,2523.37
2025-06-01 00:12:11,2523.37
2025-06-01 00:12:12,2523.37
2025-06-01 00:12:13,
2025-06-01 00:12:14,2522.99
2025-06-01 00:12:15,2522.99
2025-06-01 00:12:16,2523.09
2025-06-01 00:12:17,2523.1
2025-06-01 00:12:18,2523.1
2025-06-01 00:12:19,2523.1
2025-06-01 00:12:20,2523.09
2025-06-01 00:12:21,2523.1
2025-06-01 00:12:22,2523.5
2025-06-01 00:12:23,2523.5
2025-06-01 00:12:24,2523.59
2025-06-01 00:12:25,
2025-06-01 00:12:26,
2025-06-01 00:12:27,
2025-06-01 00:12:28,2523.5
2025-06-01 00:12:29,2523.24
2025-06-01 00:12:30,2523.18
2025-06-01 00:12:31,2523.18
2025-06-01 00:12:32,2523.17
2025-06-01 00:12:33,2523.18
2025-06-01 00:12:34,2523.18
2025-06-01 00:12:35,
2025-06-01 00:12:36,2523.18
2025-06-01 00:12:37,2523.11
2025-06-01 00:12:38,2522.99
2025-06-01 00:12:39,
2025-06-01 00:12:40,2522.89
2025-06-01 00:12:41,2522.7
2025-06-01 00:12:42,2523.2
2025-06-01 00:12:43,2523.2
2025-06-01 00:12:44,2523.2
2025-06-01 00:12:45,2523.59
2025-06-01 00:12:46,2523.6
2025-06-01 00:12:47,2523.6
2025-06-01 00:12:48,2523.6
2025-06-01 00:12:49,2523.59
2025-06-01 00:12:50,2523.6
2025-06-01 00:12:51,2523.6
2025-06-01 00:12:52,2523.6
2025-06-01 00:12:53,2523.59
2025-06-01 00:12:54,2523.6
2025-06-01 00:12:55,2523.6
2025-06-01 00:12:56,
2025-06-01 00:12:57,
2025-06-01 00:12:58,2523.6
2025-06-01 00:12:59,2522.89
2025-06-01 00:13:00,2519.0
2025-06-01 00:13:01,2519.4
2025-06-01 00:13:02,2519.5
2025-06-01 00:13:03,2518.89
2025-06-01 00:13:04,2519.38
2025-06-01 00:13:05,2520.0
2025-06-01 00:13:06,2520.41
2025-06-01 00:13:07,2520.21
2025-06-01 00:13:08,2520.21
2025-06-01 00:13:09,2520.33
2025-06-01 00:13:10,2520.32
2025-06-01 00:13:11,2520.33
2025-06-01 00:13:12,2520.71
2025-06-01 00:13:13,2520.31
2025-06-01 00:13:14,2520.31
2025-06-01 00:13:15,2520.59
2025-06-01 00:13:16,2520.59
2025-06-01 00:13:17,
2025-06-01 00:13:18,2520.77
2025-06-01 00:13:19,2520.96
2025-06-01 00:13:20,2520.96
2025-06-01 00:13:21,2520.96
2025-06-01 00:13:22,2521.13
2025-06-01 00:13:23,
2025-06-01 00:13:24,2521.12
2025-06-01 00:13:25,
2025-06-01 00:13:26,2521.0
2025-06-01 00:13:27,2520.91
2025-06-01 00:13:28,2520.61
2025-06-01 00:13:29,2520.41
2025-06-01 00:13:30,2520.41
2025-06-01 00:13:31,2520.4
2025-06-01 00:13:32,2520.01
2025-06-01 00:13:33,2520.01
2025-06-01 00:13:34,2519.65
2025-06-01 00:13:35,2519.41
2025-06-01 00:13:36,2519.05
2025-06-01 00:13:37,
2025-06-01 00:13:38,2519.39
2025-06-01 00:13:39,2519.7
2025-06-01 00:13:40,2519.51
2025-06-01 00:13:41,2519.51
2025-06-01 00:13:42,2519.16
2025-06-01 00:13:43,2518.64
2025-06-01 00:13:44,2518.69
2025-06-01 00:13:45,2518.6
2025-06-01 00:13:46,
2025-06-01 00:13:47,2518.6
2025-06-01 00:13:48,2519.0
2025-06-01 00:13:49,2518.99
2025-06-01 00:13:50,2519.0
2025-06-01 00:13:51,2519.39
2025-06-01 00:13:52,2519.0
2025-06-01 00:13:53,2518.91
2025-06-01 00:13:54,2518.7
2025-06-01 00:13:55,
2025-06-01 00:13:56,2518.71
2025-06-01 00:13:57,2518.71
2025-06-01 00:13:58,2519.13
2025-06-01 00:13:59,2519.8
2025-06-01 00:14:00,2519.49
2025-06-01 00:14:01,2519.46
2025-06-01 00:14:02,2519.46
2025-06-01 00:14:03,2519.49
2025-06-01 00:14:04,2519.5
2025-06-01 00:14:05,2519.89
2025-06-01 00:14:06,2519.99
2025-06-01 00:14:07,2520.2
2025-06-01 00:14:08,2519.81
2025-06-01 00:14:09,2519.8
2025-06-01 00:14:10,
2025-06-01 00:14:11,2519.8
2025-06-01 00:14:12,
2025-06-01 00:14:13,2519.9
2025-06-01 00:14:14,2520.72
2025-06-01 00:14:15,2520.73
2025-06-01 00:14:16,2520.73
2025-06-01 00:14:17,2520.74
2025-06-01 00:14:18,2520.38
2025-06-01 00:14:19,2520.37
2025-06-01 00:14:20,2520.36
2025-06-01 00:14:21,2520.37
2025-06-01 00:14:22,2520.59
2025-06-01 00:14:23,2520.6
2025-06-01 00:14:24,
2025-06-01 00:14:25,2520.4
2025-06-01 00:14:26,2520.4
2025-06-01 00:14:27,
2025-06-01 00:14:28,2520.59
2025-06-01 00:14:29,2520.6
2025-06-01 00:14:30,2520.59
2025-06-01 00:14:31,2520.69
2025-06-01 00:14:32,2520.09
2025-06-01 00:14:33,2519.54
2025-06-01 00:14:34,
2025-06-01 00:14:35,2519.51
2025-06-01 00:14:36,2519.34
2025-06-01 00:14:37,2519.34
2025-06-01 00:14:38,2519.34
2025-06-01 00:14:39,2519.35
2025-06-01 00:14:40,2519.68
2025-06-01 00:14:41,2519.69
2025-06-01 00:14:42,
2025-06-01 00:14:43,2519.71
2025-06-01 00:14:44,2520.0
2025-06-01 00:14:45,2520.0
2025-06-01 00:14:46,
2025-06-01 00:14:47,
2025-06-01 00:14:48,2520.0
2025-06-01 00:14:49,2520.0
2025-06-01 00:14:50,2520.0
2025-06-01 00:14:51,2520.0
2025-06-01 00:14:52,2519.99
2025-06-01 00:14:53,2520.0
2025-06-01 00:14:54,2520.0
2025-06-01 00:14:55,2520.21
2025-06-01 00:14:56,2520.36
2025-06-01 00:14:57,2520.35
2025-06-01 00:14:58,2520.35
2025-06-01 00:14:59,2520.44
2025-06-01 00:15:00,2520.45
2025-06-01 00:15:01,2520.37
2025-06-01 00:15:02,2520.01
2025-06-01 00:15:03,2520.36
2025-06-01 00:15:04,2520.36
2025-06-01 00:15:05,2520.37
2025-06-01 00:15:06,2520.49
2025-06-01 00:15:07,2520.5
2025-06-01 00:15:08,2520.04
2025-06-01 00:15:09,2520.01
2025-06-01 00:15:10,2519.96
2025-06-01 00:15:11,2519.81
2025-06-01 00:15:12,
2025-06-01 00:15:13,2519.72
2025-06-01 00:15:14,
2025-06-01 00:15:15,2519.71
2025-06-01 00:15:16,2519.72
2025-06-01 00:15:17,
2025-06-01 00:15:18,2519.71
2025-06-01 00:15:19,
2025-06-01 00:15:20,
2025-06-01 00:15:21,2519.38
2025-06-01 00:15:22,2519.35
2025-06-01 00:15:23,2519.13
2025-06-01 00:15:24,2518.31
2025-06-01 00:15:25,2519.1
2025-06-01 00:15:26,2518.41
2025-06-01 00:15:27,2519.0
2025-06-01 00:15:28,2518.9
2025-06-01 00:15:29,2518.9
2025-06-01 00:15:30,
2025-06-01 00:15:31,2518.9
2025-06-01 00:15:32,
2025-06-01 00:15:33,2518.9
2025-06-01 00:15:34,2518.9
2025-06-01 00:15:35,2518.9
2025-06-01 00:15:36,2518.9
2025-06-01 00:15:37,2518.9
2025-06-01 00:15:38,2518.89
2025-06-01 00:15:39,2518.82
2025-06-01 00:15:40,2518.72
2025-06-01 00:15:41,2518.49
2025-06-01 00:15:42,2518.01
2025-06-01 00:15:43,2517.49
2025-06-01 00:15:44,2516.62
2025-06-01 00:15:45,2516.61
2025-06-01 00:15:46,2517.0
2025-06-01 00:15:47,2517.5
2025-06-01 00:15:48,2517.99
2025-06-01 00:15:49,2517.22
2025-06-01 00:15:50,2518.18
2025-06-01 00:15:51,2518.29
2025-06-01 00:15:52,2518.3
2025-06-01 00:15:53,2518.94
2025-06-01 00:15:54,2518.99
2025-06-01 00:15:55,2518.66
2025-06-01 00:15:56,2518.61
2025-06-01 00:15:57,2518.45
2025-06-01 00:15:58,2518.2
2025-06-01 00:15:59,2518.18
2025-06-01 00:16:00,2516.76
2025-06-01 00:16:01,2517.2
2025-06-01 00:16:02,2517.49
2025-06-01 00:16:03,2517.55
2025-06-01 00:16:04,2517.55
2025-06-01 00:16:05,2517.56
2025-06-01 00:16:06,2517.56
2025-06-01 00:16:07,2517.37
2025-06-01 00:16:08,2517.37
2025-06-01 00:16:09,2517.56
2025-06-01 00:16:10,2518.5
2025-06-01 00:16:11,2519.15
2025-06-01 00:16:12,2519.14
2025-06-01 00:16:13,2518.71
2025-06-01 00:16:14,2518.71
2025-06-01 00:16:15,2518.19
2025-06-01 00:16:16,2517.76
2025-06-01 00:16:17,2517.76
2025-06-01 00:16:18,2518.0
2025-06-01 00:16:19,2518.19
2025-06-01 00:16:20,2518.01
2025-06-01 00:16:21,
2025-06-01 00:16:22,2517.99
2025-06-01 00:16:23,2518.09
2025-06-01 00:16:24,2518.09
2025-06-01 00:16:25,2518.19
2025-06-01 00:16:26,2518.29
2025-06-01 00:16:27,2518.3
2025-06-01 00:16:28,2518.29
2025-06-01 00:16:29,2518.01
2025-06-01 00:16:30,2517.96
2025-06-01 00:16:31,2518.09
2025-06-01 00:16:32,2518.1
2025-06-01 00:16:33,2518.5
2025-06-01 00:16:34,2518.49
2025-06-01 00:16:35,2518.7
2025-06-01 00:16:36,2518.7
2025-06-01 00:16:37,2518.76
2025-06-01 00:16:38,2518.76
2025-06-01 00:16:39,2518.75
2025-06-01 00:16:40,2518.76
2025-06-01 00:16:41,2518.76
2025-06-01 00:16:42,
2025-06-01 00:16:43,2518.76
2025-06-01 00:16:44,
2025-06-01 00:16:45,2518.79
2025-06-01 00:16:46,2519.0
2025-06-01 00:16:47,
2025-06-01 00:16:48,2518.99
2025-06-01 00:16:49,
2025-06-01 00:16:50,2519.0
2025-06-01 00:16:51,2519.2
2025-06-01 00:16:52,
2025-06-01 00:16:53,2519.2
2025-06-01 00:16:54,2519.2
2025-06-01 00:16:55,
2025-06-01 00:16:56,2519.2
2025-06-01 00:16:57,2519.44
2025-06-01 00:16:58,2519.44
2025-06-01 00:16:59,2519.49
2025-06-01 00:17:00,2519.6
2025-06-01 00:17:01,2519.6
2025-06-01 00:17:02,2518.81
2025-06-01 00:17:03,2518.52
2025-06-01 00:17:04,2517.74
2025-06-01 00:17:05,2517.74
2025-06-01 00:17:06,2517.02
2025-06-01 00:17:07,2517.34
2025-06-01 00:17:08,2516.99
2025-06-01 00:17:09,2517.0
2025-06-01 00:17:10,2517.43
2025-06-01 00:17:11,2517.42
2025-06-01 00:17:12,2516.79
2025-06-01 00:17:13,2516.78
2025-06-01 00:17:14,
2025-06-01 00:17:15,2516.85
2025-06-01 00:17:16,2516.85
2025-06-01 00:17:17,2516.87
2025-06-01 00:17:18,2516.99
2025-06-01 00:17:19,2516.99
2025-06-01 00:17:20,2517.18
2025-06-01 00:17:21,2517.28
2025-06-01 00:17:22,2517.34
2025-06-01 00:17:23,2517.59
2025-06-01 00:17:24,2517.96
2025-06-01 00:17:25,2517.96
2025-06-01 00:17:26,2518.09
2025-06-01 00:17:27,2518.09
2025-06-01 00:17:28,2518.02
2025-06-01 00:17:29,2517.85
2025-06-01 00:17:30,2517.85
2025-06-01 00:17:31,2517.84
2025-06-01 00:17:32,2517.85
2025-06-01 00:17:33,2517.84
2025-06-01 00:17:34,2517.85
2025-06-01 00:17:35,
2025-06-01 00:17:36,2517.97
2025-06-01 00:17:37,2517.84
2025-06-01 00:17:38,2517.84
2025-06-01 00:17:39,2517.84
2025-06-01 00:17:40,2517.84
2025-06-01 00:17:41,2517.83
2025-06-01 00:17:42,2517.84
2025-06-01 00:17:43,2518.19
2025-06-01 00:17:44,2518.35
2025-06-01 00:17:45,2518.34
2025-06-01 00:17:46,
2025-06-01 00:17:47,2518.35
2025-06-01 00:17:48,2518.34
2025-06-01 00:17:49,2518.5
2025-06-01 00:17:50,2518.5
2025-06-01 00:17:51,2518.36
2025-06-01 00:17:52,2518.24
2025-06-01 00:17:53,2517.68
2025-06-01 00:17:54,2517.67
2025-06-01 00:17:55,
2025-06-01 00:17:56,2517.9
2025-06-01 00:17:57,2518.0
2025-06-01 00:17:58,2518.0
2025-06-01 00:17:59,2517.99
2025-06-01 00:18:00,2518.0
2025-06-01 00:18:01,2517.91
2025-06-01 00:18:02,2517.68
2025-06-01 00:18:03,2517.79
2025-06-01 00:18:04,2518.19
2025-06-01 00:18:05,2518.5
2025-06-01 00:18:06,2518.79
2025-06-01 00:18:07,2518.8
2025-06-01 00:18:08,2519.08
2025-06-01 00:18:09,2519.09
2025-06-01 00:18:10,2519.09
2025-06-01 00:18:11,2519.79
2025-06-01 00:18:12,2520.18
2025-06-01 00:18:13,2520.18
2025-06-01 00:18:14,2520.18
2025-06-01 00:18:15,2520.17
2025-06-01 00:18:16,2520.33
2025-06-01 00:18:17,2519.85
2025-06-01 00:18:18,2520.11
2025-06-01 00:18:19,2520.11
2025-06-01 00:18:20,
2025-06-01 00:18:21,
2025-06-01 00:18:22,2520.11
2025-06-01 00:18:23,2520.1
2025-06-01 00:18:24,2520.11
2025-06-01 00:18:25,2520.11
2025-06-01 00:18:26,2520.1
2025-06-01 00:18:27,2520.11
2025-06-01 00:18:28,
2025-06-01 00:18:29,2520.11
2025-06-01 00:18:30,2520.11
2025-06-01 00:18:31,2520.1
2025-06-01 00:18:32,2520.09
2025-06-01 00:18:33,2519.8
2025-06-01 00:18:34,2519.02
2025-06-01 00:18:35,2518.65
2025-06-01 00:18:36,2517.93
2025-06-01 00:18:37,2517.6
2025-06-01 00:18:38,2517.6
2025-06-01 00:18:39,2517.9
2025-06-01 00:18:40,2517.44
2025-06-01 00:18:41,2517.45
2025-06-01 00:18:42,2517.45
2025-06-01 00:18:43,2517.59
2025-06-01 00:18:44,2517.17
2025-06-01 00:18:45,2517.18
2025-06-01 00:18:46,2517.19
2025-06-01 00:18:47,2517.6
2025-06-01 00:18:48,2517.6
2025-06-01 00:18:49,2517.6
2025-06-01 00:18:50,2517.59
2025-06-01 00:18:51,2517.6
2025-06-01 00:18:52,2518.0
2025-06-01 00:18:53,2518.0
2025-06-01 00:18:54,2518.18
2025-06-01 00:18:55,2518.34
2025-06-01 00:18:56,2518.35
2025-06-01 00:18:57,2518.35
2025-06-01 00:18:58,2518.35
2025-06-01 00:18:59,2518.35
2025-06-01 00:19:00,2518.39
2025-06-01 00:19:01,2518.4
2025-06-01 00:19:02,2518.8
2025-06-01 00:19:03,2518.79
2025-06-01 00:19:04,
2025-06-01 00:19:05,2518.79
2025-06-01 00:19:06,
2025-06-01 00:19:07,2518.79
2025-06-01 00:19:08,2518.8
2025-06-01 00:19:09,2518.8
2025-06-01 00:19:10,2519.13
2025-06-01 00:19:11,2518.6
2025-06-01 00:19:12,2518.6
2025-06-01 00:19:13,2518.69
2025-06-01 00:19:14,2518.69
2025-06-01 00:19:15,2518.7
2025-06-01 00:19:16,2518.7
2025-06-01 00:19:17,2519.1
2025-06-01 00:19:18,2519.01
2025-06-01 00:19:19,2519.0
2025-06-01 00:19:20,2518.6
2025-06-01 00:19:21,2518.51
2025-06-01 00:19:22,2518.51
2025-06-01 00:19:23,2518.51
2025-06-01 00:19:24,2518.7
2025-06-01 00:19:25,2518.7
2025-06-01 00:19:26,2519.1
2025-06-01 00:19:27,2519.19
2025-06-01 00:19:28,2519.2
2025-06-01 00:19:29,2519.3
2025-06-01 00:19:30,2519.3
2025-06-01 00:19:31,2519.36
2025-06-01 00:19:32,2519.69
2025-06-01 00:19:33,2519.7
2025-06-01 00:19:34,2519.7
2025-06-01 00:19:35,
2025-06-01 00:19:36,2519.79
2025-06-01 00:19:37,2519.79
2025-06-01 00:19:38,2520.19
2025-06-01 00:19:39,2520.19
2025-06-01 00:19:40,2520.6
2025-06-01 00:19:41,2520.6
2025-06-01 00:19:42,2520.83
2025-06-01 00:19:43,2520.41
2025-06-01 00:19:44,2520.31
2025-06-01 00:19:45,2520.31
2025-06-01 00:19:46,2520.11
2025-06-01 00:19:47,
2025-06-01 00:19:48,2519.43
2025-06-01 00:19:49,2520.36
2025-06-01 00:19:50,2520.36
2025-06-01 00:19:51,2520.36
2025-06-01 00:19:52,
2025-06-01 00:19:53,2520.5
2025-06-01 00:19:54,
2025-06-01 00:19:55,2520.59
2025-06-01 00:19:56,2520.59
2025-06-01 00:19:57,2520.6
2025-06-01 00:19:58,2520.21
2025-06-01 00:19:59,
2025-06-01 00:20:00,2519.35
2025-06-01 00:20:01,2519.2
2025-06-01 00:20:02,2519.05
2025-06-01 00:20:03,2519.35
2025-06-01 00:20:04,2519.49
2025-06-01 00:20:05,2519.48
2025-06-01 00:20:06,
2025-06-01 00:20:07,2519.49
2025-06-01 00:20:08,2520.44
2025-06-01 00:20:09,2520.49
2025-06-01 00:20:10,2520.5
2025-06-01 00:20:11,2520.5
2025-06-01 00:20:12,2520.5
2025-06-01 00:20:13,2520.5
2025-06-01 00:20:14,2520.89
2025-06-01 00:20:15,2521.22
2025-06-01 00:20:16,2521.21
2025-06-01 00:20:17,2521.21
2025-06-01 00:20:18,2521.36
2025-06-01 00:20:19,2521.61
2025-06-01 00:20:20,2521.61
2025-06-01 00:20:21,2521.41
2025-06-01 00:20:22,2521.41
2025-06-01 00:20:23,2521.41
2025-06-01 00:20:24,2521.22
2025-06-01 00:20:25,2520.85
2025-06-01 00:20:26,
2025-06-01 00:20:27,2520.85
2025-06-01 00:20:28,
2025-06-01 00:20:29,2520.9
2025-06-01 00:20:30,
2025-06-01 00:20:31,2521.33
2025-06-01 00:20:32,
2025-06-01 00:20:33,2521.26
2025-06-01 00:20:34,2521.05
2025-06-01 00:20:35,
2025-06-01 00:20:36,2521.41
2025-06-01 00:20:37,2521.54
2025-06-01 00:20:38,2521.68
2025-06-01 00:20:39,2522.14
2025-06-01 00:20:40,2522.01
2025-06-01 00:20:41,2521.93
2025-06-01 00:20:42,2522.11
2025-06-01 00:20:43,
2025-06-01 00:20:44,2522.2
2025-06-01 00:20:45,2522.22
2025-06-01 00:20:46,
2025-06-01 00:20:47,2522.23
2025-06-01 00:20:48,2522.36
2025-06-01 00:20:49,2522.79
2025-06-01 00:20:50,2522.31
2025-06-01 00:20:51,2522.31
2025-06-01 00:20:52,
2025-06-01 00:20:53,2522.04
2025-06-01 00:20:54,2521.81
2025-06-01 00:20:55,
2025-06-01 00:20:56,2521.81
2025-06-01 00:20:57,2521.8
2025-06-01 00:20:58,2521.71
2025-06-01 00:20:59,2521.7
2025-06-01 00:21:00,
2025-06-01 00:21:01,2521.71
2025-06-01 00:21:02,2521.71
2025-06-01 00:21:03,
2025-06-01 00:21:04,2521.7
2025-06-01 00:21:05,2521.71
2025-06-01 00:21:06,2521.71
2025-06-01 00:21:07,
2025-06-01 00:21:08,2521.72
2025-06-01 00:21:09,2521.72
2025-06-01 00:21:10,2521.73
2025-06-01 00:21:11,2521.89
2025-06-01 00:21:12,2521.88
2025-06-01 00:21:13,2521.88
2025-06-01 00:21:14,2521.88
2025-06-01 00:21:15,
2025-06-01 00:21:16,2522.28
2025-06-01 00:21:17,
2025-06-01 00:21:18,
2025-06-01 00:21:19,2522.36
2025-06-01 00:21:20,
2025-06-01 00:21:21,2522.37
2025-06-01 00:21:22,2522.37
2025-06-01 00:21:23,2522.37
2025-06-01 00:21:24,2522.37
2025-06-01 00:21:25,2522.37
2025-06-01 00:21:26,2522.37
2025-06-01 00:21:27,2522.37
2025-06-01 00:21:28,
2025-06-01 00:21:29,2522.37
2025-06-01 00:21:30,2522.37
2025-06-01 00:21:31,
2025-06-01 00:21:32,2522.36
2025-06-01 00:21:33,2522.37
2025-06-01 00:21:34,
2025-06-01 00:21:35,2522.36
2025-06-01 00:21:36,2522.37
2025-06-01 00:21:37,2522.37
2025-06-01 00:21:38,2522.37
2025-06-01 00:21:39,
2025-06-01 00:21:40,2522.36
2025-06-01 00:21:41,2522.37
2025-06-01 00:21:42,2522.36
2025-06-01 00:21:43,2522.37
2025-06-01 00:21:44,2522.36
2025-06-01 00:21:45,2522.37
2025-06-01 00:21:46,2522.37
2025-06-01 00:21:47,2522.36
2025-06-01 00:21:48,
2025-06-01 00:21:49,2522.37
2025-06-01 00:21:50,
2025-06-01 00:21:51,2522.36
2025-06-01 00:21:52,2522.37
2025-06-01 00:21:53,2522.37
2025-06-01 00:21:54,
2025-06-01 00:21:55,2522.37
2025-06-01 00:21:56,2522.69
2025-06-01 00:21:57,2522.69
2025-06-01 00:21:58,2522.69
2025-06-01 00:21:59,2522.51
2025-06-01 00:22:00,2522.37
2025-06-01 00:22:01,2522.25
2025-06-01 00:22:02,2522.23
2025-06-01 00:22:03,
2025-06-01 00:22:04,
2025-06-01 00:22:05,2522.0
2025-06-01 00:22:06,2522.19
2025-06-01 00:22:07,
2025-06-01 00:22:08,
2025-06-01 00:22:09,2522.19
2025-06-01 00:22:10,
2025-06-01 00:22:11,
2025-06-01 00:22:12,2522.19
2025-06-01 00:22:13,2522.36
2025-06-01 00:22:14,
2025-06-01 00:22:15,
2025-06-01 00:22:16,
2025-06-01 00:22:17,
2025-06-01 00:22:18,
2025-06-01 00:22:19,
2025-06-01 00:22:20,
2025-06-01 00:22:21,2522.29
2025-06-01 00:22:22,2521.94
2025-06-01 00:22:23,2521.94
2025-06-01 00:22:24,2521.78
2025-06-01 00:22:25,
2025-06-01 00:22:26,2521.74
2025-06-01 00:22:27,
2025-06-01 00:22:28,2521.74
2025-06-01 00:22:29,2521.61
2025-06-01 00:22:30,
2025-06-01 00:22:31,2520.7
2025-06-01 00:22:32,2520.01
2025-06-01 00:22:33,
2025-06-01 00:22:34,2520.0
2025-06-01 00:22:35,2520.0
2025-06-01 00:22:36,2520.18
2025-06-01 00:22:37,2520.18
2025-06-01 00:22:38,
2025-06-01 00:22:39,2520.01
2025-06-01 00:22:40,
2025-06-01 00:22:41,
2025-06-01 00:22:42,2520.02
2025-06-01 00:22:43,2520.03
2025-06-01 00:22:44,2520.02
2025-06-01 00:22:45,2520.02
2025-06-01 00:22:46,2520.02
2025-06-01 00:22:47,2519.61
2025-06-01 00:22:48,2519.6
2025-06-01 00:22:49,2519.6
2025-06-01 00:22:50,2520.0
2025-06-01 00:22:51,2520.0
2025-06-01 00:22:52,2519.99
2025-06-01 00:22:53,2519.72
2025-06-01 00:22:54,2519.71
2025-06-01 00:22:55,2519.71
2025-06-01 00:22:56,2519.71
2025-06-01 00:22:57,
2025-06-01 00:22:58,
2025-06-01 00:22:59,
2025-06-01 00:23:00,
2025-06-01 00:23:01,2519.71
2025-06-01 00:23:02,2519.71
2025-06-01 00:23:03,
2025-06-01 00:23:04,
2025-06-01 00:23:05,2519.72
2025-06-01 00:23:06,2519.86
2025-06-01 00:23:07,2519.86
2025-06-01 00:23:08,2520.2
2025-06-01 00:23:09,
2025-06-01 00:23:10,2520.2
2025-06-01 00:23:11,2520.36
2025-06-01 00:23:12,
2025-06-01 00:23:13,2520.35
2025-06-01 00:23:14,2520.49
2025-06-01 00:23:15,
2025-06-01 00:23:16,2520.5
2025-06-01 00:23:17,2519.9
2025-06-01 00:23:18,2519.6
2025-06-01 00:23:19,2519.61
2025-06-01 00:23:20,
2025-06-01 00:23:21,
2025-06-01 00:23:22,2519.61
2025-06-01 00:23:23,2519.61
2025-06-01 00:23:24,2519.35
2025-06-01 00:23:25,2519.2
2025-06-01 00:23:26,2519.19
2025-06-01 00:23:27,
2025-06-01 00:23:28,
2025-06-01 00:23:29,2518.91
2025-06-01 00:23:30,
2025-06-01 00:23:31,
2025-06-01 00:23:32,2518.73
2025-06-01 00:23:33,2518.36
2025-06-01 00:23:34,2517.28
2025-06-01 00:23:35,2517.71
2025-06-01 00:23:36,2517.71
2025-06-01 00:23:37,2517.34
2025-06-01 00:23:38,2517.0
2025-06-01 00:23:39,2517.19
2025-06-01 00:23:40,2517.6
2025-06-01 00:23:41,2517.31
2025-06-01 00:23:42,2516.76
2025-06-01 00:23:43,2517.74
2025-06-01 00:23:44,2518.42
2025-06-01 00:23:45,2518.42
2025-06-01 00:23:46,2518.42
2025-06-01 00:23:47,
2025-06-01 00:23:48,2518.41
2025-06-01 00:23:49,2518.41
2025-06-01 00:23:50,
2025-06-01 00:23:51,2518.8
2025-06-01 00:23:52,2518.8
2025-06-01 00:23:53,2519.1
2025-06-01 00:23:54,2519.09
2025-06-01 00:23:55,
2025-06-01 00:23:56,2519.09
2025-06-01 00:23:57,2519.1
2025-06-01 00:23:58,2519.09
2025-06-01 00:23:59,2519.09
2025-06-01 00:24:00,2519.09
2025-06-01 00:24:01,2519.1
2025-06-01 00:24:02,2519.09
2025-06-01 00:24:03,2518.51
2025-06-01 00:24:04,2518.51
2025-06-01 00:24:05,2518.51
2025-06-01 00:24:06,
2025-06-01 00:24:07,2518.51
2025-06-01 00:24:08,2518.54
2025-06-01 00:24:09,2519.0
2025-06-01 00:24:10,2519.19
2025-06-01 00:24:11,2519.2
2025-06-01 00:24:12,2519.2
2025-06-01 00:24:13,2519.2
2025-06-01 00:24:14,2519.2
2025-06-01 00:24:15,2519.35
2025-06-01 00:24:16,2520.0
2025-06-01 00:24:17,2520.0
2025-06-01 00:24:18,2520.0
2025-06-01 00:24:19,2520.1
2025-06-01 00:24:20,2520.09
2025-06-01 00:24:21,2520.21
2025-06-01 00:24:22,2520.27
2025-06-01 00:24:23,2520.28
2025-06-01 00:24:24,2520.28
2025-06-01 00:24:25,2520.27
2025-06-01 00:24:26,2520.3
2025-06-01 00:24:27,2520.73
2025-06-01 00:24:28,2520.74
2025-06-01 00:24:29,2520.96
2025-06-01 00:24:30,2520.97
2025-06-01 00:24:31,
2025-06-01 00:24:32,2521.44
2025-06-01 00:24:33,2521.99
2025-06-01 00:24:34,2522.0
2025-06-01 00:24:35,2522.59
2025-06-01 00:24:36,2522.85
2025-06-01 00:24:37,2523.24
2025-06-01 00:24:38,2523.1
2025-06-01 00:24:39,2522.91
2025-06-01 00:24:40,2522.3
2025-06-01 00:24:41,2522.3
2025-06-01 00:24:42,2522.1
2025-06-01 00:24:43,2522.0
2025-06-01 00:24:44,2521.74
2025-06-01 00:24:45,2521.73
2025-06-01 00:24:46,2521.54
2025-06-01 00:24:47,
2025-06-01 00:24:48,
2025-06-01 00:24:49,2521.53
2025-06-01 00:24:50,
2025-06-01 00:24:51,
2025-06-01 00:24:52,2521.54
2025-06-01 00:24:53,2521.53
2025-06-01 00:24:54,
2025-06-01 00:24:55,2521.54
2025-06-01 00:24:56,2521.53
2025-06-01 00:24:57,2521.49
2025-06-01 00:24:58,2521.5
2025-06-01 00:24:59,2521.49
2025-06-01 00:25:00,2521.63
2025-06-01 00:25:01,2521.31
2025-06-01 00:25:02,
2025-06-01 00:25:03,2521.22
2025-06-01 00:25:04,
2025-06-01 00:25:05,2521.21
2025-06-01 00:25:06,
2025-06-01 00:25:07,2520.97
2025-06-01 00:25:08,2521.35
2025-06-01 00:25:09,2521.36
2025-06-01 00:25:10,2521.45
2025-06-01 00:25:11,2521.49
2025-06-01 00:25:12,
2025-06-01 00:25:13,2521.59
2025-06-01 00:25:14,
2025-06-01 00:25:15,
2025-06-01 00:25:16,2521.74
2025-06-01 00:25:17,
2025-06-01 00:25:18,2521.74
2025-06-01 00:25:19,2522.3
2025-06-01 00:25:20,2522.07
2025-06-01 00:25:21,2521.91
2025-06-01 00:25:22,2521.9
2025-06-01 00:25:23,2521.61
2025-06-01 00:25:24,2521.28
2025-06-01 00:25:25,2521.22
2025-06-01 00:25:26,2521.22
2025-06-01 00:25:27,
2025-06-01 00:25:28,2521.22
2025-06-01 00:25:29,2521.11
2025-06-01 00:25:30,2521.11
2025-06-01 00:25:31,2521.6
2025-06-01 00:25:32,2521.79
2025-06-01 00:25:33,2521.21
2025-06-01 00:25:34,2521.0
2025-06-01 00:25:35,2520.29
2025-06-01 00:25:36,2520.01
2025-06-01 00:25:37,2520.0
2025-06-01 00:25:38,2519.85
2025-06-01 00:25:39,2519.69
2025-06-01 00:25:40,2519.7
2025-06-01 00:25:41,
2025-06-01 00:25:42,
2025-06-01 00:25:43,2519.7
2025-06-01 00:25:44,2519.7
2025-06-01 00:25:45,
2025-06-01 00:25:46,2519.7
2025-06-01 00:25:47,2519.7
2025-06-01 00:25:48,2519.79
2025-06-01 00:25:49,2519.7
2025-06-01 00:25:50,2519.71
2025-06-01 00:25:51,
2025-06-01 00:25:52,2519.71
2025-06-01 00:25:53,2519.7
2025-06-01 00:25:54,2519.16
2025-06-01 00:25:55,2519.01
2025-06-01 00:25:56,2519.01
2025-06-01 00:25:57,2518.7
2025-06-01 00:25:58,2518.7
2025-06-01 00:25:59,2518.75
2025-06-01 00:26:00,2518.89
2025-06-01 00:26:01,2518.99
2025-06-01 00:26:02,2518.65
2025-06-01 00:26:03,2517.76
2025-06-01 00:26:04,2517.74
2025-06-01 00:26:05,2517.75
2025-06-01 00:26:06,
2025-06-01 00:26:07,2518.2
2025-06-01 00:26:08,2517.82
2025-06-01 00:26:09,
2025-06-01 00:26:10,2517.82
2025-06-01 00:26:11,2517.82
2025-06-01 00:26:12,
2025-06-01 00:26:13,2517.83
2025-06-01 00:26:14,2517.82
2025-06-01 00:26:15,2517.83
2025-06-01 00:26:16,2517.82
2025-06-01 00:26:17,2517.83
2025-06-01 00:26:18,2517.83
2025-06-01 00:26:19,2517.83
2025-06-01 00:26:20,2517.83
2025-06-01 00:26:21,2518.32
2025-06-01 00:26:22,2518.34
2025-06-01 00:26:23,2518.35
2025-06-01 00:26:24,2518.39
2025-06-01 00:26:25,2518.49
2025-06-01 00:26:26,
2025-06-01 00:26:27,
2025-06-01 00:26:28,2518.49
2025-06-01 00:26:29,2518.5
2025-06-01 00:26:30,2518.8
2025-06-01 00:26:31,2518.79
2025-06-01 00:26:32,2518.9
2025-06-01 00:26:33,
2025-06-01 00:26:34,2518.9
2025-06-01 00:26:35,2518.9
2025-06-01 00:26:36,2518.9
2025-06-01 00:26:37,2518.89
2025-06-01 00:26:38,2518.99
2025-06-01 00:26:39,2519.2
2025-06-01 00:26:40,2519.7
2025-06-01 00:26:41,2519.7
2025-06-01 00:26:42,
2025-06-01 00:26:43,
2025-06-01 00:26:44,
2025-06-01 00:26:45,
2025-06-01 00:26:46,2519.37
2025-06-01 00:26:47,2519.2
2025-06-01 00:26:48,2519.21
2025-06-01 00:26:49,2519.01
2025-06-01 00:26:50,2519.0
2025-06-01 00:26:51,2518.35
2025-06-01 00:26:52,
2025-06-01 00:26:53,2518.29
2025-06-01 00:26:54,2518.36
2025-06-01 00:26:55,2518.36
2025-06-01 00:26:56,2518.36
2025-06-01 00:26:57,2518.35
2025-06-01 00:26:58,2518.35
2025-06-01 00:26:59,
2025-06-01 00:27:00,2517.6
2025-06-01 00:27:01,2517.6
2025-06-01 00:27:02,2518.19
2025-06-01 00:27:03,2518.39
2025-06-01 00:27:04,2518.4
2025-06-01 00:27:05,
2025-06-01 00:27:06,2518.41
2025-06-01 00:27:07,2518.59
2025-06-01 00:27:08,2518.6
2025-06-01 00:27:09,
2025-06-01 00:27:10,2518.59
2025-06-01 00:27:11,2518.9
2025-06-01 00:27:12,
2025-06-01 00:27:13,2518.99
2025-06-01 00:27:14,2519.0
2025-06-01 00:27:15,2519.0
2025-06-01 00:27:16,2519.0
2025-06-01 00:27:17,2519.0
2025-06-01 00:27:18,2518.99
2025-06-01 00:27:19,2518.99
2025-06-01 00:27:20,
2025-06-01 00:27:21,2519.0
2025-06-01 00:27:22,2518.99
2025-06-01 00:27:23,
2025-06-01 00:27:24,
2025-06-01 00:27:25,2519.06
2025-06-01 00:27:26,
2025-06-01 00:27:27,2519.05
2025-06-01 00:27:28,2519.05
2025-06-01 00:27:29,2519.06
2025-06-01 00:27:30,2519.05
2025-06-01 00:27:31,
2025-06-01 00:27:32,2519.06
2025-06-01 00:27:33,2519.06
2025-06-01 00:27:34,2519.35
2025-06-01 00:27:35,2519.34
2025-06-01 00:27:36,2520.2
2025-06-01 00:27:37,2519.93
2025-06-01 00:27:38,2519.6
2025-06-01 00:27:39,2519.93
2025-06-01 00:27:40,2519.92
2025-06-01 00:27:41,2519.43
2025-06-01 00:27:42,2519.41
2025-06-01 00:27:43,2519.41
2025-06-01 00:27:44,2519.4
2025-06-01 00:27:45,
2025-06-01 00:27:46,
2025-06-01 00:27:47,2519.41
2025-06-01 00:27:48,
2025-06-01 00:27:49,
2025-06-01 00:27:50,
2025-06-01 00:27:51,2519.41
2025-06-01 00:27:52,2519.41
2025-06-01 00:27:53,2519.96
2025-06-01 00:27:54,2519.29
2025-06-01 00:27:55,2519.28
2025-06-01 00:27:56,
2025-06-01 00:27:57,2519.29
2025-06-01 00:27:58,2519.28
2025-06-01 00:27:59,2519.29
2025-06-01 00:28:00,2519.13
2025-06-01 00:28:01,2518.71
2025-06-01 00:28:02,2518.7
2025-06-01 00:28:03,2518.71
2025-06-01 00:28:04,2518.55
2025-06-01 00:28:05,2518.59
2025-06-01 00:28:06,2518.67
2025-06-01 00:28:07,2518.34
2025-06-01 00:28:08,2518.35
2025-06-01 00:28:09,2518.35
2025-06-01 00:28:10,2518.35
2025-06-01 00:28:11,2517.71
2025-06-01 00:28:12,2518.29
2025-06-01 00:28:13,2518.3
2025-06-01 00:28:14,2518.29
2025-06-01 00:28:15,2518.29
2025-06-01 00:28:16,
2025-06-01 00:28:17,2518.3
2025-06-01 00:28:18,2518.3
2025-06-01 00:28:19,2518.3
2025-06-01 00:28:20,2518.26
2025-06-01 00:28:21,2517.76
2025-06-01 00:28:22,2517.76
2025-06-01 00:28:23,2517.89
2025-06-01 00:28:24,2518.0
2025-06-01 00:28:25,2517.91
2025-06-01 00:28:26,2517.91
2025-06-01 00:28:27,2517.92
2025-06-01 00:28:28,2517.92
2025-06-01 00:28:29,2517.92
2025-06-01 00:28:30,2517.91
2025-06-01 00:28:31,
2025-06-01 00:28:32,2517.92
2025-06-01 00:28:33,2517.74
2025-06-01 00:28:34,2517.37
2025-06-01 00:28:35,2517.37
2025-06-01 00:28:36,2517.36
2025-06-01 00:28:37,2517.36
2025-06-01 00:28:38,2516.77
2025-06-01 00:28:39,2516.77
2025-06-01 00:28:40,2516.77
2025-06-01 00:28:41,2516.45
2025-06-01 00:28:42,2516.03
2025-06-01 00:28:43,2516.03
2025-06-01 00:28:44,2516.68
2025-06-01 00:28:45,2516.68
2025-06-01 00:28:46,2516.68
2025-06-01 00:28:47,2516.68
2025-06-01 00:28:48,2516.68
2025-06-01 00:28:49,2516.67
2025-06-01 00:28:50,2516.67
2025-06-01 00:28:51,
2025-06-01 00:28:52,2516.67
2025-06-01 00:28:53,2517.0
2025-06-01 00:28:54,2516.99
2025-06-01 00:28:55,2517.0
2025-06-01 00:28:56,2517.09
2025-06-01 00:28:57,2517.29
2025-06-01 00:28:58,2517.3
2025-06-01 00:28:59,2516.94
2025-06-01 00:29:00,2516.61
2025-06-01 00:29:01,2516.52
2025-06-01 00:29:02,2516.41
2025-06-01 00:29:03,2516.39
2025-06-01 00:29:04,
2025-06-01 00:29:05,2516.38
2025-06-01 00:29:06,2516.39
2025-06-01 00:29:07,2516.38
2025-06-01 00:29:08,
2025-06-01 00:29:09,2516.39
2025-06-01 00:29:10,2516.1
2025-06-01 00:29:11,2515.99
2025-06-01 00:29:12,2516.0
2025-06-01 00:29:13,2516.0
2025-06-01 00:29:14,2516.0
2025-06-01 00:29:15,2516.16
2025-06-01 00:29:16,2516.8
2025-06-01 00:29:17,2516.79
2025-06-01 00:29:18,2516.99
2025-06-01 00:29:19,2517.17
2025-06-01 00:29:20,2517.18
2025-06-01 00:29:21,
2025-06-01 00:29:22,2517.17
2025-06-01 00:29:23,2517.0
2025-06-01 00:29:24,2516.73
2025-06-01 00:29:25,2516.73
2025-06-01 00:29:26,2516.51
2025-06-01 00:29:27,2516.5
2025-06-01 00:29:28,2517.12
2025-06-01 00:29:29,2517.76
2025-06-01 00:29:30,2517.75
2025-06-01 00:29:31,2518.15
2025-06-01 00:29:32,2518.49
2025-06-01 00:29:33,
2025-06-01 00:29:34,2518.31
2025-06-01 00:29:35,2517.96
2025-06-01 00:29:36,2517.6
2025-06-01 00:29:37,2517.28
2025-06-01 00:29:38,2517.24
2025-06-01 00:29:39,2517.18
2025-06-01 00:29:40,2516.81
2025-06-01 00:29:41,2516.81
2025-06-01 00:29:42,2516.92
2025-06-01 00:29:43,2516.57
2025-06-01 00:29:44,2516.92
2025-06-01 00:29:45,2516.92
2025-06-01 00:29:46,2516.92
2025-06-01 00:29:47,2517.33
2025-06-01 00:29:48,2517.34
2025-06-01 00:29:49,2517.7
2025-06-01 00:29:50,2517.78
2025-06-01 00:29:51,
2025-06-01 00:29:52,2517.78
2025-06-01 00:29:53,
2025-06-01 00:29:54,
2025-06-01 00:29:55,2517.77
2025-06-01 00:29:56,2517.78
2025-06-01 00:29:57,2517.86
2025-06-01 00:29:58,
2025-06-01 00:29:59,2517.85
2025-06-01 00:30:00,2518.18
2025-06-01 00:30:01,2518.18
2025-06-01 00:30:02,2517.08
2025-06-01 00:30:03,2517.2
2025-06-01 00:30:04,2516.8
2025-06-01 00:30:05,2516.94
2025-06-01 00:30:06,
2025-06-01 00:30:07,2516.93
2025-06-01 00:30:08,2516.61
2025-06-01 00:30:09,
2025-06-01 00:30:10,2516.83
2025-06-01 00:30:11,2516.87
2025-06-01 00:30:12,2516.87
2025-06-01 00:30:13,2517.1
2025-06-01 00:30:14,2517.1
2025-06-01 00:30:15,
2025-06-01 00:30:16,2517.96
2025-06-01 00:30:17,2516.39
2025-06-01 00:30:18,2517.0
2025-06-01 00:30:19,2516.99
2025-06-01 00:30:20,2517.0
2025-06-01 00:30:21,2517.33
2025-06-01 00:30:22,2517.34
2025-06-01 00:30:23,2517.0
2025-06-01 00:30:24,2517.16
2025-06-01 00:30:25,2517.16
2025-06-01 00:30:26,2517.51
2025-06-01 00:30:27,2517.5
2025-06-01 00:30:28,2517.51
2025-06-01 00:30:29,2517.21
2025-06-01 00:30:30,2516.85
2025-06-01 00:30:31,2516.81
2025-06-01 00:30:32,2516.79
2025-06-01 00:30:33,
2025-06-01 00:30:34,2516.8
2025-06-01 00:30:35,2516.51
2025-06-01 00:30:36,2516.51
2025-06-01 00:30:37,
2025-06-01 00:30:38,2516.16
2025-06-01 00:30:39,2516.17
2025-06-01 00:30:40,2516.79
2025-06-01 00:30:41,2516.8
2025-06-01 00:30:42,
2025-06-01 00:30:43,2517.67
2025-06-01 00:30:44,2517.9
2025-06-01 00:30:45,2517.89
2025-06-01 00:30:46,
2025-06-01 00:30:47,2517.7
2025-06-01 00:30:48,2517.7
2025-06-01 00:30:49,2517.61
2025-06-01 00:30:50,
2025-06-01 00:30:51,2517.61
2025-06-01 00:30:52,2517.61
2025-06-01 00:30:53,2517.2
2025-06-01 00:30:54,
2025-06-01 00:30:55,2517.3
2025-06-01 00:30:56,2517.3
2025-06-01 00:30:57,2517.3
2025-06-01 00:30:58,2517.3
2025-06-01 00:30:59,
2025-06-01 00:31:00,2517.3
2025-06-01 00:31:01,2517.61
2025-06-01 00:31:02,2517.6
2025-06-01 00:31:03,2517.61
2025-06-01 00:31:04,2517.4
2025-06-01 00:31:05,
2025-06-01 00:31:06,2517.32
2025-06-01 00:31:07,2517.32
2025-06-01 00:31:08,2517.32
2025-06-01 00:31:09,2518.2
2025-06-01 00:31:10,2518.34
2025-06-01 00:31:11,2519.0
2025-06-01 00:31:12,2519.01
2025-06-01 00:31:13,2518.86
2025-06-01 00:31:14,2518.87
2025-06-01 00:31:15,2518.71
2025-06-01 00:31:16,2518.71
2025-06-01 00:31:17,2518.7
2025-06-01 00:31:18,2518.7
2025-06-01 00:31:19,
2025-06-01 00:31:20,2518.51
2025-06-01 00:31:21,2518.04
2025-06-01 00:31:22,2518.01
2025-06-01 00:31:23,
2025-06-01 00:31:24,
2025-06-01 00:31:25,2518.0
2025-06-01 00:31:26,2518.0
2025-06-01 00:31:27,2518.01
2025-06-01 00:31:28,2517.72
2025-06-01 00:31:29,2517.61
2025-06-01 00:31:30,2517.61
2025-06-01 00:31:31,2517.62
2025-06-01 00:31:32,
2025-06-01 00:31:33,2517.18
2025-06-01 00:31:34,
2025-06-01 00:31:35,2517.18
2025-06-01 00:31:36,2517.17
2025-06-01 00:31:37,2517.48
2025-06-01 00:31:38,2517.47
2025-06-01 00:31:39,2517.59
2025-06-01 00:31:40,2517.58
2025-06-01 00:31:41,2516.99
2025-06-01 00:31:42,2517.0
2025-06-01 00:31:43,2517.0
2025-06-01 00:31:44,2517.09
2025-06-01 00:31:45,
2025-06-01 00:31:46,2517.09
2025-06-01 00:31:47,2517.18
2025-06-01 00:31:48,
2025-06-01 00:31:49,2517.18
2025-06-01 00:31:50,2517.19
2025-06-01 00:31:51,
2025-06-01 00:31:52,2517.59
2025-06-01 00:31:53,2517.58
2025-06-01 00:31:54,
2025-06-01 00:31:55,2517.59
2025-06-01 00:31:56,2517.58
2025-06-01 00:31:57,2517.59
2025-06-01 00:31:58,2518.63
2025-06-01 00:31:59,2518.63
2025-06-01 00:32:00,
2025-06-01 00:32:01,2518.94
2025-06-01 00:32:02,2519.61
2025-06-01 00:32:03,2519.62
2025-06-01 00:32:04,2519.61
2025-06-01 00:32:05,2519.62
2025-06-01 00:32:06,2520.08
2025-06-01 00:32:07,2520.21
2025-06-01 00:32:08,
2025-06-01 00:32:09,2520.73
2025-06-01 00:32:10,2520.74
2025-06-01 00:32:11,2520.73
2025-06-01 00:32:12,2520.73
2025-06-01 00:32:13,2520.81
2025-06-01 00:32:14,2520.71
2025-06-01 00:32:15,2520.41
2025-06-01 00:32:16,2520.4
2025-06-01 00:32:17,2520.41
2025-06-01 00:32:18,
2025-06-01 00:32:19,2520.31
2025-06-01 00:32:20,2520.05
2025-06-01 00:32:21,2520.05
2025-06-01 00:32:22,2520.05
2025-06-01 00:32:23,2520.21
2025-06-01 00:32:24,2520.36
2025-06-01 00:32:25,2521.22
2025-06-01 00:32:26,2521.22
2025-06-01 00:32:27,2521.21
2025-06-01 00:32:28,
2025-06-01 00:32:29,2521.22
2025-06-01 00:32:30,2521.22
2025-06-01 00:32:31,2521.23
2025-06-01 00:32:32,2521.22
2025-06-01 00:32:33,2521.22
2025-06-01 00:32:34,
2025-06-01 00:32:35,
2025-06-01 00:32:36,2520.84
2025-06-01 00:32:37,2521.0
2025-06-01 00:32:38,
2025-06-01 00:32:39,2520.99
2025-06-01 00:32:40,2520.6
2025-06-01 00:32:41,2520.31
2025-06-01 00:32:42,2520.01
2025-06-01 00:32:43,2520.01
2025-06-01 00:32:44,
2025-06-01 00:32:45,2520.21
2025-06-01 00:32:46,
2025-06-01 00:32:47,2520.2
2025-06-01 00:32:48,2520.21
2025-06-01 00:32:49,
2025-06-01 00:32:50,2520.2
2025-06-01 00:32:51,2520.21
2025-06-01 00:32:52,2520.21
2025-06-01 00:32:53,
2025-06-01 00:32:54,2521.21
2025-06-01 00:32:55,2521.21
2025-06-01 00:32:56,2520.9
2025-06-01 00:32:57,2520.9
2025-06-01 00:32:58,2520.91
2025-06-01 00:32:59,2520.7
2025-06-01 00:33:00,2520.01
2025-06-01 00:33:01,2519.8
2025-06-01 00:33:02,2519.61
2025-06-01 00:33:03,2519.6
2025-06-01 00:33:04,
2025-06-01 00:33:05,2519.6
2025-06-01 00:33:06,
2025-06-01 00:33:07,2519.53
2025-06-01 00:33:08,2519.95
2025-06-01 00:33:09,2519.35
2025-06-01 00:33:10,2519.35
2025-06-01 00:33:11,2519.2
2025-06-01 00:33:12,2519.19
2025-06-01 00:33:13,2519.16
2025-06-01 00:33:14,
2025-06-01 00:33:15,2519.16
2025-06-01 00:33:16,2519.15
2025-06-01 00:33:17,2519.15
2025-06-01 00:33:18,2519.01
2025-06-01 00:33:19,2518.15
2025-06-01 00:33:20,2518.01
2025-06-01 00:33:21,2517.75
2025-06-01 00:33:22,2516.45
2025-06-01 00:33:23,2516.12
2025-06-01 00:33:24,2516.12
2025-06-01 00:33:25,2516.12
2025-06-01 00:33:26,2516.4
2025-06-01 00:33:27,2516.4
2025-06-01 00:33:28,2516.4
2025-06-01 00:33:29,2516.44
2025-06-01 00:33:30,2516.45
2025-06-01 00:33:31,
2025-06-01 00:33:32,2516.45
2025-06-01 00:33:33,2515.96
2025-06-01 00:33:34,
2025-06-01 00:33:35,2515.97
2025-06-01 00:33:36,2515.97
2025-06-01 00:33:37,2516.09
2025-06-01 00:33:38,2516.09
2025-06-01 00:33:39,2516.09
2025-06-01 00:33:40,2516.1
2025-06-01 00:33:41,2516.36
2025-06-01 00:33:42,2516.81
2025-06-01 00:33:43,2516.99
2025-06-01 00:33:44,2517.17
2025-06-01 00:33:45,2517.34
2025-06-01 00:33:46,2517.33
2025-06-01 00:33:47,2517.17
2025-06-01 00:33:48,2517.38
2025-06-01 00:33:49,2517.39
2025-06-01 00:33:50,
2025-06-01 00:33:51,
2025-06-01 00:33:52,2517.39
2025-06-01 00:33:53,2517.4
2025-06-01 00:33:54,2517.4
2025-06-01 00:33:55,
2025-06-01 00:33:56,2517.4
2025-06-01 00:33:57,2517.4
2025-06-01 00:33:58,2517.39
2025-06-01 00:33:59,2517.39
2025-06-01 00:34:00,2517.47
2025-06-01 00:34:01,2517.47
2025-06-01 00:34:02,2517.48
2025-06-01 00:34:03,2517.39
2025-06-01 00:34:04,2517.4
2025-06-01 00:34:05,2517.4
2025-06-01 00:34:06,
2025-06-01 00:34:07,
2025-06-01 00:34:08,2517.39
2025-06-01 00:34:09,
2025-06-01 00:34:10,
2025-06-01 00:34:11,2517.4
2025-06-01 00:34:12,2517.31
2025-06-01 00:34:13,2516.61
2025-06-01 00:34:14,2516.21
2025-06-01 00:34:15,2516.21
2025-06-01 00:34:16,2516.57
2025-06-01 00:34:17,2516.89
2025-06-01 00:34:18,2516.89
2025-06-01 00:34:19,2516.9
2025-06-01 00:34:20,
2025-06-01 00:34:21,2516.89
2025-06-01 00:34:22,2516.9
2025-06-01 00:34:23,
2025-06-01 00:34:24,
2025-06-01 00:34:25,2517.12
2025-06-01 00:34:26,2517.17
2025-06-01 00:34:27,2517.48
2025-06-01 00:34:28,2517.47
2025-06-01 00:34:29,2517.72
2025-06-01 00:34:30,
2025-06-01 00:34:31,
2025-06-01 00:34:32,2517.8
2025-06-01 00:34:33,
2025-06-01 00:34:34,2518.24
2025-06-01 00:34:35,2518.24
2025-06-01 00:34:36,2518.25
2025-06-01 00:34:37,2518.25
2025-06-01 00:34:38,2517.89
2025-06-01 00:34:39,2517.62
2025-06-01 00:34:40,2517.53
2025-06-01 00:34:41,
2025-06-01 00:34:42,2517.52
2025-06-01 00:34:43,2517.53
2025-06-01 00:34:44,2517.52
2025-06-01 00:34:45,2517.68
2025-06-01 00:34:46,2517.68
2025-06-01 00:34:47,2518.28
2025-06-01 00:34:48,2518.28
2025-06-01 00:34:49,2518.28
2025-06-01 00:34:50,2518.67
2025-06-01 00:34:51,
2025-06-01 00:34:52,2518.66
2025-06-01 00:34:53,2518.67
2025-06-01 00:34:54,2518.79
2025-06-01 00:34:55,2518.79
2025-06-01 00:34:56,2519.0
2025-06-01 00:34:57,2518.81
2025-06-01 00:34:58,
2025-06-01 00:34:59,2518.81
2025-06-01 00:35:00,2518.8
2025-06-01 00:35:01,2518.6
2025-06-01 00:35:02,2519.19
2025-06-01 00:35:03,2519.94
2025-06-01 00:35:04,2520.21
2025-06-01 00:35:05,2520.21
2025-06-01 00:35:06,2520.22
2025-06-01 00:35:07,2520.21
2025-06-01 00:35:08,2520.21
2025-06-01 00:35:09,2520.2
2025-06-01 00:35:10,2520.88
2025-06-01 00:35:11,2520.88
2025-06-01 00:35:12,2520.89
2025-06-01 00:35:13,2520.88
2025-06-01 00:35:14,2520.88
2025-06-01 00:35:15,2520.5
2025-06-01 00:35:16,2520.51
2025-06-01 00:35:17,2520.64
2025-06-01 00:35:18,2520.69
2025-06-01 00:35:19,
2025-06-01 00:35:20,
2025-06-01 00:35:21,
2025-06-01 00:35:22,2520.69
2025-06-01 00:35:23,2520.69
2025-06-01 00:35:24,2520.69
2025-06-01 00:35:25,2520.68
2025-06-01 00:35:26,2520.69
2025-06-01 00:35:27,2520.69
2025-06-01 00:35:28,
2025-06-01 00:35:29,2520.68
2025-06-01 00:35:30,2520.81
2025-06-01 00:35:31,2520.8
2025-06-01 00:35:32,2520.81
2025-06-01 00:35:33,2520.7
2025-06-01 00:35:34,2520.7
2025-06-01 00:35:35,2520.71
2025-06-01 00:35:36,2521.1
2025-06-01 00:35:37,2521.21
2025-06-01 00:35:38,2521.22
2025-06-01 00:35:39,2521.21
2025-06-01 00:35:40,2521.21
2025-06-01 00:35:41,
2025-06-01 00:35:42,2521.22
2025-06-01 00:35:43,
2025-06-01 00:35:44,
2025-06-01 00:35:45,2521.22
2025-06-01 00:35:46,2521.22
2025-06-01 00:35:47,
2025-06-01 00:35:48,
2025-06-01 00:35:49,
2025-06-01 00:35:50,2521.21
2025-06-01 00:35:51,2521.18
2025-06-01 00:35:52,
2025-06-01 00:35:53,2521.18
2025-06-01 00:35:54,2521.17
2025-06-01 00:35:55,2520.93
2025-06-01 00:35:56,2520.81
2025-06-01 00:35:57,2520.8
2025-06-01 00:35:58,2520.81
2025-06-01 00:35:59,2520.81
2025-06-01 00:36:00,2520.7
2025-06-01 00:36:01,2520.7
2025-06-01 00:36:02,2520.71
2025-06-01 00:36:03,2520.7
2025-06-01 00:36:04,2520.71
2025-06-01 00:36:05,2520.21
2025-06-01 00:36:06,2520.0
2025-06-01 00:36:07,2520.01
2025-06-01 00:36:08,2520.0
2025-06-01 00:36:09,2520.01
2025-06-01 00:36:10,
2025-06-01 00:36:11,2520.6
2025-06-01 00:36:12,2520.89
2025-06-01 00:36:13,2520.88
2025-06-01 00:36:14,2520.7
2025-06-01 00:36:15,2520.6
2025-06-01 00:36:16,
2025-06-01 00:36:17,2520.61
2025-06-01 00:36:18,
2025-06-01 00:36:19,2520.6
2025-06-01 00:36:20,2520.6
2025-06-01 00:36:21,
2025-06-01 00:36:22,2520.61
2025-06-01 00:36:23,
2025-06-01 00:36:24,2520.6
2025-06-01 00:36:25,2520.61
2025-06-01 00:36:26,2520.52
2025-06-01 00:36:27,2520.31
2025-06-01 00:36:28,
2025-06-01 00:36:29,2520.31
2025-06-01 00:36:30,
2025-06-01 00:36:31,2520.31
2025-06-01 00:36:32,
2025-06-01 00:36:33,2520.54
2025-06-01 00:36:34,2520.9
2025-06-01 00:36:35,2520.91
2025-06-01 00:36:36,2520.9
2025-06-01 00:36:37,2520.9
2025-06-01 00:36:38,
2025-06-01 00:36:39,2520.91
2025-06-01 00:36:40,
2025-06-01 00:36:41,
2025-06-01 00:36:42,
2025-06-01 00:36:43,
2025-06-01 00:36:44,2520.91
2025-06-01 00:36:45,2520.9
2025-06-01 00:36:46,
2025-06-01 00:36:47,2520.91
2025-06-01 00:36:48,2520.9
2025-06-01 00:36:49,2520.9
2025-06-01 00:36:50,2520.91
2025-06-01 00:36:51,
2025-06-01 00:36:52,2520.91
2025-06-01 00:36:53,
2025-06-01 00:36:54,2520.9
2025-06-01 00:36:55,2521.0
2025-06-01 00:36:56,2521.0
2025-06-01 00:36:57,2521.0
2025-06-01 00:36:58,2521.0
2025-06-01 00:36:59,2521.01
2025-06-01 00:37:00,2521.01
2025-06-01 00:37:01,2521.32
2025-06-01 00:37:02,
2025-06-01 00:37:03,2521.33
2025-06-01 00:37:04,2521.34
2025-06-01 00:37:05,
2025-06-01 00:37:06,2521.34
2025-06-01 00:37:07,
2025-06-01 00:37:08,2521.34
2025-06-01 00:37:09,
2025-06-01 00:37:10,2521.34
2025-06-01 00:37:11,2521.34
2025-06-01 00:37:12,
2025-06-01 00:37:13,
2025-06-01 00:37:14,2521.33
2025-06-01 00:37:15,2521.34
2025-06-01 00:37:16,2521.3
2025-06-01 00:37:17,2521.31
2025-06-01 00:37:18,2521.31
2025-06-01 00:37:19,2521.31
2025-06-01 00:37:20,
2025-06-01 00:37:21,2521.31
2025-06-01 00:37:22,2521.31
2025-06-01 00:37:23,2521.3
2025-06-01 00:37:24,2521.31
2025-06-01 00:37:25,2521.31
2025-06-01 00:37:26,2521.74
2025-06-01 00:37:27,2521.61
2025-06-01 00:37:28,2521.61
2025-06-01 00:37:29,2521.6
2025-06-01 00:37:30,2521.41
2025-06-01 00:37:31,2521.41
2025-06-01 00:37:32,
2025-06-01 00:37:33,2521.41
2025-06-01 00:37:34,2521.41
2025-06-01 00:37:35,
2025-06-01 00:37:36,2521.4
2025-06-01 00:37:37,
2025-06-01 00:37:38,2521.41
2025-06-01 00:37:39,2521.4
2025-06-01 00:37:40,
2025-06-01 00:37:41,2521.41
2025-06-01 00:37:42,2521.41
2025-06-01 00:37:43,2521.61
2025-06-01 00:37:44,2521.6
2025-06-01 00:37:45,2521.6
2025-06-01 00:37:46,2521.61
2025-06-01 00:37:47,2521.61
2025-06-01 00:37:48,
2025-06-01 00:37:49,
2025-06-01 00:37:50,2521.6
2025-06-01 00:37:51,2521.61
2025-06-01 00:37:52,2521.6
2025-06-01 00:37:53,2521.61
2025-06-01 00:37:54,2521.61
2025-06-01 00:37:55,2521.35
2025-06-01 00:37:56,2521.22
2025-06-01 00:37:57,2521.21
2025-06-01 00:37:58,2521.14
2025-06-01 00:37:59,2521.01
2025-06-01 00:38:00,
2025-06-01 00:38:01,2521.01
2025-06-01 00:38:02,2521.0
2025-06-01 00:38:03,
2025-06-01 00:38:04,2521.0
2025-06-01 00:38:05,
2025-06-01 00:38:06,
2025-06-01 00:38:07,2521.01
2025-06-01 00:38:08,
2025-06-01 00:38:09,2521.01
2025-06-01 00:38:10,2521.01
2025-06-01 00:38:11,
2025-06-01 00:38:12,2521.01
2025-06-01 00:38:13,2521.01
2025-06-01 00:38:14,2520.81
2025-06-01 00:38:15,2520.49
2025-06-01 00:38:16,2520.41
2025-06-01 00:38:17,2520.36
2025-06-01 00:38:18,2520.35
2025-06-01 00:38:19,2520.35
2025-06-01 00:38:20,2520.36
2025-06-01 00:38:21,2520.21
2025-06-01 00:38:22,2520.21
2025-06-01 00:38:23,2520.21
2025-06-01 00:38:24,
2025-06-01 00:38:25,2520.79
2025-06-01 00:38:26,2520.78
2025-06-01 00:38:27,
2025-06-01 00:38:28,2520.78
2025-06-01 00:38:29,2520.79
2025-06-01 00:38:30,2520.78
2025-06-01 00:38:31,2520.98
2025-06-01 00:38:32,
2025-06-01 00:38:33,2520.98
2025-06-01 00:38:34,2521.2
2025-06-01 00:38:35,2521.2
2025-06-01 00:38:36,2520.99
2025-06-01 00:38:37,2521.0
2025-06-01 00:38:38,
2025-06-01 00:38:39,
2025-06-01 00:38:40,2521.0
2025-06-01 00:38:41,2520.99
2025-06-01 00:38:42,2520.99
2025-06-01 00:38:43,
2025-06-01 00:38:44,2521.0
2025-06-01 00:38:45,2520.99
2025-06-01 00:38:46,
2025-06-01 00:38:47,2520.99
2025-06-01 00:38:48,2520.99
2025-06-01 00:38:49,
2025-06-01 00:38:50,2520.99
2025-06-01 00:38:51,2520.91
2025-06-01 00:38:52,2520.81
2025-06-01 00:38:53,2520.81
2025-06-01 00:38:54,2520.81
2025-06-01 00:38:55,2520.81
2025-06-01 00:38:56,2520.8
2025-06-01 00:38:57,2520.81
2025-06-01 00:38:58,2520.99
2025-06-01 00:38:59,2521.0
2025-06-01 00:39:00,2521.0
2025-06-01 00:39:01,2520.99
2025-06-01 00:39:02,
2025-06-01 00:39:03,2520.99
2025-06-01 00:39:04,2520.99
2025-06-01 00:39:05,
2025-06-01 00:39:06,2520.99
2025-06-01 00:39:07,2520.99
2025-06-01 00:39:08,2520.99
2025-06-01 00:39:09,2520.8
2025-06-01 00:39:10,2520.68
2025-06-01 00:39:11,2520.61
2025-06-01 00:39:12,
2025-06-01 00:39:13,2520.51
2025-06-01 00:39:14,
2025-06-01 00:39:15,2520.5
2025-06-01 00:39:16,
2025-06-01 00:39:17,
2025-06-01 00:39:18,2520.5
2025-06-01 00:39:19,2520.51
2025-06-01 00:39:20,2520.51
2025-06-01 00:39:21,2520.5
2025-06-01 00:39:22,2520.31
2025-06-01 00:39:23,2519.9
2025-06-01 00:39:24,2519.89
2025-06-01 00:39:25,2519.89
2025-06-01 00:39:26,2519.89
2025-06-01 00:39:27,2520.32
2025-06-01 00:39:28,2520.99
2025-06-01 00:39:29,2520.99
2025-06-01 00:39:30,2521.0
2025-06-01 00:39:31,2520.99
2025-06-01 00:39:32,2520.99
2025-06-01 00:39:33,2520.99
2025-06-01 00:39:34,2520.99
2025-06-01 00:39:35,
2025-06-01 00:39:36,2520.98
2025-06-01 00:39:37,2520.82
2025-06-01 00:39:38,
2025-06-01 00:39:39,
2025-06-01 00:39:40,2520.81
2025-06-01 00:39:41,2520.81
2025-06-01 00:39:42,2520.81
2025-06-01 00:39:43,2520.81
2025-06-01 00:39:44,2520.82
2025-06-01 00:39:45,2520.99
2025-06-01 00:39:46,2521.0
2025-06-01 00:39:47,2520.99
2025-06-01 00:39:48,2520.99
2025-06-01 00:39:49,2520.99
2025-06-01 00:39:50,2520.99
2025-06-01 00:39:51,2521.0
2025-06-01 00:39:52,2520.99
2025-06-01 00:39:53,2520.99
2025-06-01 00:39:54,2521.21
2025-06-01 00:39:55,
2025-06-01 00:39:56,2521.21
2025-06-01 00:39:57,
2025-06-01 00:39:58,2521.35
2025-06-01 00:39:59,2521.35
2025-06-01 00:40:00,2521.17
2025-06-01 00:40:01,2521.34
2025-06-01 00:40:02,2521.34
2025-06-01 00:40:03,2521.34
2025-06-01 00:40:04,2521.18
2025-06-01 00:40:05,
2025-06-01 00:40:06,2521.29
2025-06-01 00:40:07,2521.28
2025-06-01 00:40:08,2521.53
2025-06-01 00:40:09,2521.53
2025-06-01 00:40:10,2521.53
2025-06-01 00:40:11,2521.41
2025-06-01 00:40:12,2521.41
2025-06-01 00:40:13,2521.41
2025-06-01 00:40:14,2521.4
2025-06-01 00:40:15,2521.41
2025-06-01 00:40:16,2521.41
2025-06-01 00:40:17,2521.59
2025-06-01 00:40:18,2521.6
2025-06-01 00:40:19,2521.59
2025-06-01 00:40:20,2521.44
2025-06-01 00:40:21,2521.44
2025-06-01 00:40:22,2521.44
2025-06-01 00:40:23,2521.43
2025-06-01 00:40:24,2521.43
2025-06-01 00:40:25,2521.44
2025-06-01 00:40:26,2521.43
2025-06-01 00:40:27,
2025-06-01 00:40:28,2521.44
2025-06-01 00:40:29,2521.44
2025-06-01 00:40:30,2521.3
2025-06-01 00:40:31,2521.3
2025-06-01 00:40:32,2521.31
2025-06-01 00:40:33,2521.31
2025-06-01 00:40:34,2521.31
2025-06-01 00:40:35,2521.3
2025-06-01 00:40:36,2521.57
2025-06-01 00:40:37,2521.58
2025-06-01 00:40:38,
2025-06-01 00:40:39,2521.57
2025-06-01 00:40:40,2521.58
2025-06-01 00:40:41,2521.57
2025-06-01 00:40:42,2521.57
2025-06-01 00:40:43,2521.57
2025-06-01 00:40:44,2521.57
2025-06-01 00:40:45,2521.57
2025-06-01 00:40:46,2521.58
2025-06-01 00:40:47,2521.58
2025-06-01 00:40:48,
2025-06-01 00:40:49,2521.58
2025-06-01 00:40:50,
2025-06-01 00:40:51,2521.57
2025-06-01 00:40:52,2521.58
2025-06-01 00:40:53,2521.57
2025-06-01 00:40:54,2521.57
2025-06-01 00:40:55,2521.57
2025-06-01 00:40:56,2521.57
2025-06-01 00:40:57,2521.57
2025-06-01 00:40:58,2521.57
2025-06-01 00:40:59,2521.57
2025-06-01 00:41:00,2521.57
2025-06-01 00:41:01,2521.45
2025-06-01 00:41:02,2521.45
2025-06-01 00:41:03,2521.32
2025-06-01 00:41:04,2521.31
2025-06-01 00:41:05,2521.09
2025-06-01 00:41:06,2520.75
2025-06-01 00:41:07,2520.76
2025-06-01 00:41:08,2520.75
2025-06-01 00:41:09,2520.75
2025-06-01 00:41:10,2520.75
2025-06-01 00:41:11,2520.9
2025-06-01 00:41:12,2521.22
2025-06-01 00:41:13,2521.36
2025-06-01 00:41:14,
2025-06-01 00:41:15,2521.35
2025-06-01 00:41:16,2521.35
2025-06-01 00:41:17,2521.58
2025-06-01 00:41:18,2521.58
2025-06-01 00:41:19,2521.58
2025-06-01 00:41:20,2521.57
2025-06-01 00:41:21,2521.57
2025-06-01 00:41:22,2521.58
2025-06-01 00:41:23,2521.57
2025-06-01 00:41:24,2521.57
2025-06-01 00:41:25,2521.57
2025-06-01 00:41:26,
2025-06-01 00:41:27,
2025-06-01 00:41:28,2521.57
2025-06-01 00:41:29,2521.43
2025-06-01 00:41:30,
2025-06-01 00:41:31,
2025-06-01 00:41:32,2521.42
2025-06-01 00:41:33,2521.22
2025-06-01 00:41:34,2521.21
2025-06-01 00:41:35,
2025-06-01 00:41:36,
2025-06-01 00:41:37,
2025-06-01 00:41:38,2521.21
2025-06-01 00:41:39,2521.22
2025-06-01 00:41:40,2521.22
2025-06-01 00:41:41,2521.68
2025-06-01 00:41:42,2521.68
2025-06-01 00:41:43,2521.69
2025-06-01 00:41:44,2521.69
2025-06-01 00:41:45,2521.68
2025-06-01 00:41:46,2521.69
2025-06-01 00:41:47,
2025-06-01 00:41:48,2521.69
2025-06-01 00:41:49,2521.69
2025-06-01 00:41:50,2521.28
2025-06-01 00:41:51,2521.27
2025-06-01 00:41:52,2521.28
2025-06-01 00:41:53,2521.27
2025-06-01 00:41:54,
2025-06-01 00:41:55,2521.27
2025-06-01 00:41:56,2521.28
2025-06-01 00:41:57,
2025-06-01 00:41:58,2521.28
2025-06-01 00:41:59,
2025-06-01 00:42:00,2521.28
2025-06-01 00:42:01,2521.0
2025-06-01 00:42:02,2521.01
2025-06-01 00:42:03,2521.01
2025-06-01 00:42:04,2521.01
2025-06-01 00:42:05,2521.01
2025-06-01 00:42:06,2521.01
2025-06-01 00:42:07,2521.01
2025-06-01 00:42:08,
2025-06-01 00:42:09,2521.01
2025-06-01 00:42:10,2521.01
2025-06-01 00:42:11,
2025-06-01 00:42:12,2521.0
2025-06-01 00:42:13,2521.01
2025-06-01 00:42:14,2521.0
2025-06-01 00:42:15,2521.0
2025-06-01 00:42:16,2521.01
2025-06-01 00:42:17,2521.0
2025-06-01 00:42:18,2521.0
2025-06-01 00:42:19,2521.0
2025-06-01 00:42:20,2521.0
2025-06-01 00:42:21,2521.01
2025-06-01 00:42:22,2521.01
2025-06-01 00:42:23,2521.0
2025-06-01 00:42:24,2521.0
2025-06-01 00:42:25,2521.0
2025-06-01 00:42:26,2521.0
2025-06-01 00:42:27,2521.0
2025-06-01 00:42:28,2521.01
2025-06-01 00:42:29,2521.01
2025-06-01 00:42:30,2521.01
2025-06-01 00:42:31,
2025-06-01 00:42:32,2521.01
2025-06-01 00:42:33,2521.0
2025-06-01 00:42:34,2521.0
2025-06-01 00:42:35,2521.01
2025-06-01 00:42:36,2521.01
2025-06-01 00:42:37,
2025-06-01 00:42:38,
2025-06-01 00:42:39,2521.0
2025-06-01 00:42:40,
2025-06-01 00:42:41,2521.0
2025-06-01 00:42:42,2521.01
2025-06-01 00:42:43,2521.01
2025-06-01 00:42:44,
2025-06-01 00:42:45,2521.01
2025-06-01 00:42:46,2521.0
2025-06-01 00:42:47,2521.0
2025-06-01 00:42:48,2521.01
2025-06-01 00:42:49,2521.49
2025-06-01 00:42:50,2521.49
2025-06-01 00:42:51,2521.66
2025-06-01 00:42:52,2521.66
2025-06-01 00:42:53,2521.67
2025-06-01 00:42:54,2521.67
2025-06-01 00:42:55,
2025-06-01 00:42:56,2521.67
2025-06-01 00:42:57,2521.67
2025-06-01 00:42:58,2521.67
2025-06-01 00:42:59,2521.67
2025-06-01 00:43:00,2521.67
2025-06-01 00:43:01,2521.66
2025-06-01 00:43:02,2521.44
2025-06-01 00:43:03,2521.45
2025-06-01 00:43:04,
2025-06-01 00:43:05,2521.44
2025-06-01 00:43:06,2521.45
2025-06-01 00:43:07,2521.45
2025-06-01 00:43:08,
2025-06-01 00:43:09,
2025-06-01 00:43:10,2521.45
2025-06-01 00:43:11,2521.44
2025-06-01 00:43:12,2521.44
2025-06-01 00:43:13,2521.44
2025-06-01 00:43:14,2521.45
2025-06-01 00:43:15,2521.45
2025-06-01 00:43:16,
2025-06-01 00:43:17,2521.44
2025-06-01 00:43:18,2521.44
2025-06-01 00:43:19,2521.31
2025-06-01 00:43:20,2521.31
2025-06-01 00:43:21,
2025-06-01 00:43:22,2521.31
2025-06-01 00:43:23,2521.3
2025-06-01 00:43:24,2521.31
2025-06-01 00:43:25,2521.31
2025-06-01 00:43:26,
2025-06-01 00:43:27,2521.3
2025-06-01 00:43:28,2521.31
2025-06-01 00:43:29,2521.01
2025-06-01 00:43:30,2520.71
2025-06-01 00:43:31,2520.7
2025-06-01 00:43:32,2520.71
2025-06-01 00:43:33,
2025-06-01 00:43:34,2520.71
2025-06-01 00:43:35,2520.71
2025-06-01 00:43:36,
2025-06-01 00:43:37,2520.7
2025-06-01 00:43:38,2520.7
2025-06-01 00:43:39,2520.7
2025-06-01 00:43:40,2521.16
2025-06-01 00:43:41,2521.15
2025-06-01 00:43:42,2521.16
2025-06-01 00:43:43,2521.16
2025-06-01 00:43:44,
2025-06-01 00:43:45,
2025-06-01 00:43:46,2520.91
2025-06-01 00:43:47,
2025-06-01 00:43:48,
2025-06-01 00:43:49,
2025-06-01 00:43:50,2520.91
2025-06-01 00:43:51,
2025-06-01 00:43:52,2520.9
2025-06-01 00:43:53,2520.9
2025-06-01 00:43:54,
2025-06-01 00:43:55,2520.9
2025-06-01 00:43:56,
2025-06-01 00:43:57,
2025-06-01 00:43:58,2520.91
2025-06-01 00:43:59,2520.91
2025-06-01 00:44:00,2520.91
2025-06-01 00:44:01,2520.9
2025-06-01 00:44:02,2520.91
2025-06-01 00:44:03,2520.9
2025-06-01 00:44:04,2520.9
2025-06-01 00:44:05,2520.91
2025-06-01 00:44:06,2520.91
2025-06-01 00:44:07,2520.91
2025-06-01 00:44:08,
2025-06-01 00:44:09,2520.91
2025-06-01 00:44:10,
2025-06-01 00:44:11,2520.91
2025-06-01 00:44:12,2520.91
2025-06-01 00:44:13,2520.9
2025-06-01 00:44:14,2520.91
2025-06-01 00:44:15,2520.98
2025-06-01 00:44:16,2521.15
2025-06-01 00:44:17,2521.15
2025-06-01 00:44:18,2521.15
2025-06-01 00:44:19,
2025-06-01 00:44:20,2521.16
2025-06-01 00:44:21,2521.15
2025-06-01 00:44:22,2521.16
2025-06-01 00:44:23,2521.15
2025-06-01 00:44:24,2521.16
2025-06-01 00:44:25,
2025-06-01 00:44:26,2521.15
2025-06-01 00:44:27,2521.15
2025-06-01 00:44:28,2521.16
2025-06-01 00:44:29,2521.16
2025-06-01 00:44:30,2521.51
2025-06-01 00:44:31,2521.51
2025-06-01 00:44:32,2521.67
2025-06-01 00:44:33,
2025-06-01 00:44:34,2521.68
2025-06-01 00:44:35,2521.68
2025-06-01 00:44:36,2521.69
2025-06-01 00:44:37,
2025-06-01 00:44:38,2521.69
2025-06-01 00:44:39,2521.73
2025-06-01 00:44:40,2521.82
2025-06-01 00:44:41,2521.83
2025-06-01 00:44:42,
2025-06-01 00:44:43,2521.82
2025-06-01 00:44:44,2521.82
2025-06-01 00:44:45,
2025-06-01 00:44:46,
2025-06-01 00:44:47,2521.83
2025-06-01 00:44:48,2521.83
2025-06-01 00:44:49,2521.83
2025-06-01 00:44:50,
2025-06-01 00:44:51,2521.83
2025-06-01 00:44:52,2521.82
2025-06-01 00:44:53,2521.82
2025-06-01 00:44:54,
2025-06-01 00:44:55,2521.83
2025-06-01 00:44:56,
2025-06-01 00:44:57,2521.83
2025-06-01 00:44:58,2521.83
2025-06-01 00:44:59,2521.83
2025-06-01 00:45:00,2522.55
2025-06-01 00:45:01,2522.55
2025-06-01 00:45:02,2522.55
2025-06-01 00:45:03,2522.54
2025-06-01 00:45:04,
2025-06-01 00:45:05,
2025-06-01 00:45:06,2522.54
2025-06-01 00:45:07,2522.54
2025-06-01 00:45:08,2522.54
2025-06-01 00:45:09,2522.54
2025-06-01 00:45:10,
2025-06-01 00:45:11,2522.54
2025-06-01 00:45:12,
2025-06-01 00:45:13,2522.54
2025-06-01 00:45:14,
2025-06-01 00:45:15,
2025-06-01 00:45:16,
2025-06-01 00:45:17,2522.55
2025-06-01 00:45:18,2523.0
2025-06-01 00:45:19,2522.99
2025-06-01 00:45:20,2523.0
2025-06-01 00:45:21,2523.0
2025-06-01 00:45:22,2523.0
2025-06-01 00:45:23,2522.99
2025-06-01 00:45:24,2523.0
2025-06-01 00:45:25,2523.0
2025-06-01 00:45:26,2522.71
2025-06-01 00:45:27,2522.04
2025-06-01 00:45:28,
2025-06-01 00:45:29,2522.03
2025-06-01 00:45:30,2522.7
2025-06-01 00:45:31,2522.93
2025-06-01 00:45:32,2522.93
2025-06-01 00:45:33,2522.93
2025-06-01 00:45:34,2522.94
2025-06-01 00:45:35,
2025-06-01 00:45:36,2522.94
2025-06-01 00:45:37,2522.93
2025-06-01 00:45:38,2522.94
2025-06-01 00:45:39,2522.93
2025-06-01 00:45:40,2522.94
2025-06-01 00:45:41,2522.93
2025-06-01 00:45:42,2522.94
2025-06-01 00:45:43,
2025-06-01 00:45:44,2522.93
2025-06-01 00:45:45,
2025-06-01 00:45:46,2522.94
2025-06-01 00:45:47,2524.24
2025-06-01 00:45:48,2524.18
2025-06-01 00:45:49,2524.19
2025-06-01 00:45:50,2523.99
2025-06-01 00:45:51,2523.9
2025-06-01 00:45:52,2523.55
2025-06-01 00:45:53,2523.55
2025-06-01 00:45:54,2523.55
2025-06-01 00:45:55,2523.54
2025-06-01 00:45:56,2523.36
2025-06-01 00:45:57,2523.56
2025-06-01 00:45:58,2523.56
2025-06-01 00:45:59,2523.56
2025-06-01 00:46:00,2524.09
2025-06-01 00:46:01,2523.57
2025-06-01 00:46:02,2523.9
2025-06-01 00:46:03,
2025-06-01 00:46:04,2523.9
2025-06-01 00:46:05,2523.91
2025-06-01 00:46:06,2523.71
2025-06-01 00:46:07,2523.61
2025-06-01 00:46:08,2523.61
2025-06-01 00:46:09,2523.61
2025-06-01 00:46:10,2523.52
2025-06-01 00:46:11,2523.51
2025-06-01 00:46:12,
2025-06-01 00:46:13,2523.33
2025-06-01 00:46:14,2523.34
2025-06-01 00:46:15,
2025-06-01 00:46:16,2523.33
2025-06-01 00:46:17,2523.33
2025-06-01 00:46:18,2523.33
2025-06-01 00:46:19,
2025-06-01 00:46:20,2523.34
2025-06-01 00:46:21,2523.69
2025-06-01 00:46:22,2523.99
2025-06-01 00:46:23,2523.99
2025-06-01 00:46:24,2523.99
2025-06-01 00:46:25,2523.99
2025-06-01 00:46:26,2523.98
2025-06-01 00:46:27,2523.98
2025-06-01 00:46:28,2523.98
2025-06-01 00:46:29,2524.08
2025-06-01 00:46:30,2524.08
2025-06-01 00:46:31,2524.07
2025-06-01 00:46:32,2524.08
2025-06-01 00:46:33,
2025-06-01 00:46:34,2524.08
2025-06-01 00:46:35,2524.08
2025-06-01 00:46:36,2524.07
2025-06-01 00:46:37,
2025-06-01 00:46:38,2524.08
2025-06-01 00:46:39,
2025-06-01 00:46:40,2524.07
2025-06-01 00:46:41,2524.08
2025-06-01 00:46:42,2524.14
2025-06-01 00:46:43,2524.18
2025-06-01 00:46:44,2524.19
2025-06-01 00:46:45,2524.19
2025-06-01 00:46:46,2524.18
2025-06-01 00:46:47,2524.19
2025-06-01 00:46:48,2524.38
2025-06-01 00:46:49,2524.38
2025-06-01 00:46:50,2524.37
2025-06-01 00:46:51,2524.38
2025-06-01 00:46:52,2524.38
2025-06-01 00:46:53,2524.38
2025-06-01 00:46:54,2524.38
2025-06-01 00:46:55,2524.38
2025-06-01 00:46:56,2524.38
2025-06-01 00:46:57,2524.38
2025-06-01 00:46:58,2524.38
2025-06-01 00:46:59,2523.94
2025-06-01 00:47:00,2523.5
2025-06-01 00:47:01,2523.5
2025-06-01 00:47:02,2522.98
2025-06-01 00:47:03,2522.49
2025-06-01 00:47:04,2522.5
2025-06-01 00:47:05,2522.6
2025-06-01 00:47:06,2522.6
2025-06-01 00:47:07,2522.41
2025-06-01 00:47:08,2522.4
2025-06-01 00:47:09,
2025-06-01 00:47:10,2522.4
2025-06-01 00:47:11,
2025-06-01 00:47:12,2522.37
2025-06-01 00:47:13,
2025-06-01 00:47:14,
2025-06-01 00:47:15,2522.53
2025-06-01 00:47:16,2522.79
2025-06-01 00:47:17,2522.79
2025-06-01 00:47:18,2522.79
2025-06-01 00:47:19,2522.8
2025-06-01 00:47:20,2522.8
2025-06-01 00:47:21,2522.71
2025-06-01 00:47:22,2522.71
2025-06-01 00:47:23,2522.79
2025-06-01 00:47:24,2523.24
2025-06-01 00:47:25,2523.69
2025-06-01 00:47:26,
2025-06-01 00:47:27,
2025-06-01 00:47:28,2523.61
2025-06-01 00:47:29,2523.51
2025-06-01 00:47:30,2523.5
2025-06-01 00:47:31,2523.24
2025-06-01 00:47:32,2523.24
2025-06-01 00:47:33,
2025-06-01 00:47:34,2523.24
2025-06-01 00:47:35,2523.15
2025-06-01 00:47:36,2523.05
2025-06-01 00:47:37,2523.01
2025-06-01 00:47:38,2523.0
2025-06-01 00:47:39,
2025-06-01 00:47:40,2523.01
2025-06-01 00:47:41,
2025-06-01 00:47:42,2523.01
2025-06-01 00:47:43,2523.0
2025-06-01 00:47:44,2522.99
2025-06-01 00:47:45,
2025-06-01 00:47:46,2522.99
2025-06-01 00:47:47,2523.0
2025-06-01 00:47:48,2522.82
2025-06-01 00:47:49,2522.73
2025-06-01 00:47:50,2522.73
2025-06-01 00:47:51,2522.9
2025-06-01 00:47:52,
2025-06-01 00:47:53,2522.9
2025-06-01 00:47:54,2522.9
2025-06-01 00:47:55,
2025-06-01 00:47:56,2522.89
2025-06-01 00:47:57,
2025-06-01 00:47:58,
2025-06-01 00:47:59,2522.89
2025-06-01 00:48:00,2522.9
2025-06-01 00:48:01,
2025-06-01 00:48:02,2522.9
2025-06-01 00:48:03,2522.9
2025-06-01 00:48:04,2522.89
2025-06-01 00:48:05,
2025-06-01 00:48:06,
2025-06-01 00:48:07,2524.33
2025-06-01 00:48:08,2524.31
2025-06-01 00:48:09,2524.05
2025-06-01 00:48:10,2524.05
2025-06-01 00:48:11,2524.05
2025-06-01 00:48:12,2524.06
2025-06-01 00:48:13,2524.05
2025-06-01 00:48:14,2524.06
2025-06-01 00:48:15,2524.06
2025-06-01 00:48:16,2524.06
2025-06-01 00:48:17,
2025-06-01 00:48:18,2523.99
2025-06-01 00:48:19,2523.93
2025-06-01 00:48:20,
2025-06-01 00:48:21,
2025-06-01 00:48:22,2523.93
2025-06-01 00:48:23,2523.92
2025-06-01 00:48:24,2523.93
2025-06-01 00:48:25,2523.93
2025-06-01 00:48:26,
2025-06-01 00:48:27,2523.93
2025-06-01 00:48:28,2523.4
2025-06-01 00:48:29,2523.4
2025-06-01 00:48:30,2523.41
2025-06-01 00:48:31,2523.4
2025-06-01 00:48:32,2523.41
2025-06-01 00:48:33,2523.4
2025-06-01 00:48:34,2523.41
2025-06-01 00:48:35,2523.41
2025-06-01 00:48:36,2523.41
2025-06-01 00:48:37,2523.41
2025-06-01 00:48:38,2523.1
2025-06-01 00:48:39,
2025-06-01 00:48:40,
2025-06-01 00:48:41,2523.1
2025-06-01 00:48:42,2523.1
2025-06-01 00:48:43,2522.9
2025-06-01 00:48:44,
2025-06-01 00:48:45,2522.9
2025-06-01 00:48:46,2522.78
2025-06-01 00:48:47,2522.79
2025-06-01 00:48:48,2522.79
2025-06-01 00:48:49,2522.79
2025-06-01 00:48:50,2522.78
2025-06-01 00:48:51,2522.79
2025-06-01 00:48:52,2522.79
2025-06-01 00:48:53,2522.78
2025-06-01 00:48:54,2522.79
2025-06-01 00:48:55,
2025-06-01 00:48:56,2522.79
2025-06-01 00:48:57,
2025-06-01 00:48:58,2522.78
2025-06-01 00:48:59,2522.78
2025-06-01 00:49:00,
2025-06-01 00:49:01,2522.79
2025-06-01 00:49:02,2522.51
2025-06-01 00:49:03,2522.51
2025-06-01 00:49:04,2522.79
2025-06-01 00:49:05,2522.9
2025-06-01 00:49:06,2522.91
2025-06-01 00:49:07,2522.85
2025-06-01 00:49:08,2522.81
2025-06-01 00:49:09,2522.81
2025-06-01 00:49:10,2522.81
2025-06-01 00:49:11,2522.81
2025-06-01 00:49:12,2522.9
2025-06-01 00:49:13,2522.91
2025-06-01 00:49:14,2522.91
2025-06-01 00:49:15,2522.91
2025-06-01 00:49:16,2522.91
2025-06-01 00:49:17,2522.91
2025-06-01 00:49:18,2522.91
2025-06-01 00:49:19,2522.91
2025-06-01 00:49:20,2522.9
2025-06-01 00:49:21,2522.91
2025-06-01 00:49:22,2522.91
2025-06-01 00:49:23,2522.9
2025-06-01 00:49:24,
2025-06-01 00:49:25,2522.91
2025-06-01 00:49:26,
2025-06-01 00:49:27,2522.9
2025-06-01 00:49:28,2522.91
2025-06-01 00:49:29,
2025-06-01 00:49:30,2522.91
2025-06-01 00:49:31,
2025-06-01 00:49:32,2522.91
2025-06-01 00:49:33,2522.91
2025-06-01 00:49:34,
2025-06-01 00:49:35,
2025-06-01 00:49:36,2522.91
2025-06-01 00:49:37,2522.91
2025-06-01 00:49:38,2522.9
2025-06-01 00:49:39,
2025-06-01 00:49:40,
2025-06-01 00:49:41,2522.9
2025-06-01 00:49:42,2522.91
2025-06-01 00:49:43,2522.91
2025-06-01 00:49:44,2522.9
2025-06-01 00:49:45,
2025-06-01 00:49:46,
2025-06-01 00:49:47,
2025-06-01 00:49:48,2522.91
2025-06-01 00:49:49,
2025-06-01 00:49:50,2522.91
2025-06-01 00:49:51,2522.9
2025-06-01 00:49:52,2525.0
2025-06-01 00:49:53,2525.32
2025-06-01 00:49:54,2525.31
2025-06-01 00:49:55,2525.31
2025-06-01 00:49:56,
2025-06-01 00:49:57,2525.31
2025-06-01 00:49:58,
2025-06-01 00:49:59,2525.32
2025-06-01 00:50:00,2525.31
2025-06-01 00:50:01,2525.46
2025-06-01 00:50:02,2525.46
2025-06-01 00:50:03,
2025-06-01 00:50:04,2525.39
2025-06-01 00:50:05,2525.39
2025-06-01 00:50:06,2525.11
2025-06-01 00:50:07,2525.1
2025-06-01 00:50:08,2525.11
2025-06-01 00:50:09,2525.1
2025-06-01 00:50:10,2525.11
2025-06-01 00:50:11,
2025-06-01 00:50:12,2525.1
2025-06-01 00:50:13,2525.1
2025-06-01 00:50:14,2525.11
2025-06-01 00:50:15,2525.11
2025-06-01 00:50:16,
2025-06-01 00:50:17,
2025-06-01 00:50:18,
2025-06-01 00:50:19,2525.11
2025-06-01 00:50:20,2525.1
2025-06-01 00:50:21,2525.1
2025-06-01 00:50:22,2525.11
2025-06-01 00:50:23,2525.1
2025-06-01 00:50:24,2525.01
2025-06-01 00:50:25,2525.01
2025-06-01 00:50:26,2524.93
2025-06-01 00:50:27,
2025-06-01 00:50:28,2524.5
2025-06-01 00:50:29,2524.51
2025-06-01 00:50:30,
2025-06-01 00:50:31,2524.7
2025-06-01 00:50:32,2524.71
2025-06-01 00:50:33,
2025-06-01 00:50:34,2524.71
2025-06-01 00:50:35,2524.7
2025-06-01 00:50:36,2524.71
2025-06-01 00:50:37,2524.7
2025-06-01 00:50:38,2524.71
2025-06-01 00:50:39,2524.71
2025-06-01 00:50:40,2524.71
2025-06-01 00:50:41,2524.99
2025-06-01 00:50:42,2525.0
2025-06-01 00:50:43,2524.99
2025-06-01 00:50:44,2524.99
2025-06-01 00:50:45,
2025-06-01 00:50:46,
2025-06-01 00:50:47,2524.91
2025-06-01 00:50:48,2524.91
2025-06-01 00:50:49,
2025-06-01 00:50:50,2524.91
2025-06-01 00:50:51,
2025-06-01 00:50:52,
2025-06-01 00:50:53,2524.58
2025-06-01 00:50:54,2524.57
2025-06-01 00:50:55,
2025-06-01 00:50:56,2524.56
2025-06-01 00:50:57,2524.56
2025-06-01 00:50:58,2524.5
2025-06-01 00:50:59,2524.38
2025-06-01 00:51:00,
2025-06-01 00:51:01,2524.38
2025-06-01 00:51:02,2524.38
2025-06-01 00:51:03,2525.89
2025-06-01 00:51:04,2525.9
2025-06-01 00:51:05,2525.9
2025-06-01 00:51:06,2525.9
2025-06-01 00:51:07,
2025-06-01 00:51:08,2525.9
2025-06-01 00:51:09,2525.9
2025-06-01 00:51:10,2525.9
2025-06-01 00:51:11,2525.89
2025-06-01 00:51:12,2525.9
2025-06-01 00:51:13,2525.9
2025-06-01 00:51:14,2525.9
2025-06-01 00:51:15,2525.89
2025-06-01 00:51:16,2525.9
2025-06-01 00:51:17,
2025-06-01 00:51:18,
2025-06-01 00:51:19,2525.9
2025-06-01 00:51:20,2525.89
2025-06-01 00:51:21,
2025-06-01 00:51:22,
2025-06-01 00:51:23,2525.9
2025-06-01 00:51:24,2525.89
2025-06-01 00:51:25,
2025-06-01 00:51:26,2525.89
2025-06-01 00:51:27,
2025-06-01 00:51:28,2525.81
2025-06-01 00:51:29,2525.81
2025-06-01 00:51:30,
2025-06-01 00:51:31,2525.81
2025-06-01 00:51:32,2525.81
2025-06-01 00:51:33,2525.81
2025-06-01 00:51:34,
2025-06-01 00:51:35,2525.8
2025-06-01 00:51:36,
2025-06-01 00:51:37,2525.72
2025-06-01 00:51:38,2526.0
2025-06-01 00:51:39,2525.91
2025-06-01 00:51:40,2525.81
2025-06-01 00:51:41,
2025-06-01 00:51:42,
2025-06-01 00:51:43,
2025-06-01 00:51:44,
2025-06-01 00:51:45,2525.53
2025-06-01 00:51:46,2525.52
2025-06-01 00:51:47,2525.51
2025-06-01 00:51:48,
2025-06-01 00:51:49,2525.51
2025-06-01 00:51:50,
2025-06-01 00:51:51,2525.5
2025-06-01 00:51:52,
2025-06-01 00:51:53,2525.52
2025-06-01 00:51:54,2525.53
2025-06-01 00:51:55,
2025-06-01 00:51:56,2525.53
2025-06-01 00:51:57,2525.53
2025-06-01 00:51:58,
2025-06-01 00:51:59,2525.52
2025-06-01 00:52:00,2525.52
2025-06-01 00:52:01,2525.53
2025-06-01 00:52:02,
2025-06-01 00:52:03,2525.53
2025-06-01 00:52:04,2525.53
2025-06-01 00:52:05,
2025-06-01 00:52:06,2525.52
2025-06-01 00:52:07,2525.53
2025-06-01 00:52:08,
2025-06-01 00:52:09,2525.54
2025-06-01 00:52:10,2525.53
2025-06-01 00:52:11,2525.54
2025-06-01 00:52:12,2525.54
2025-06-01 00:52:13,
2025-06-01 00:52:14,
2025-06-01 00:52:15,2525.54
2025-06-01 00:52:16,2525.54
2025-06-01 00:52:17,2525.52
2025-06-01 00:52:18,2525.41
2025-06-01 00:52:19,
2025-06-01 00:52:20,2525.4
2025-06-01 00:52:21,2525.41
2025-06-01 00:52:22,2525.41
2025-06-01 00:52:23,2525.41
2025-06-01 00:52:24,2525.4
2025-06-01 00:52:25,
2025-06-01 00:52:26,2525.4
2025-06-01 00:52:27,2525.41
2025-06-01 00:52:28,2525.41
2025-06-01 00:52:29,2525.41
2025-06-01 00:52:30,
2025-06-01 00:52:31,2525.41
2025-06-01 00:52:32,
2025-06-01 00:52:33,2525.4
2025-06-01 00:52:34,2525.4
2025-06-01 00:52:35,
2025-06-01 00:52:36,2525.4
2025-06-01 00:52:37,
2025-06-01 00:52:38,
2025-06-01 00:52:39,2525.41
2025-06-01 00:52:40,
2025-06-01 00:52:41,2525.4
2025-06-01 00:52:42,
2025-06-01 00:52:43,2525.41
2025-06-01 00:52:44,2525.4
2025-06-01 00:52:45,
2025-06-01 00:52:46,
2025-06-01 00:52:47,2525.41
2025-06-01 00:52:48,2525.41
2025-06-01 00:52:49,2525.4
2025-06-01 00:52:50,
2025-06-01 00:52:51,
2025-06-01 00:52:52,
2025-06-01 00:52:53,2525.41
2025-06-01 00:52:54,
2025-06-01 00:52:55,2525.41
2025-06-01 00:52:56,2525.41
2025-06-01 00:52:57,
2025-06-01 00:52:58,2525.41
2025-06-01 00:52:59,2525.4
2025-06-01 00:53:00,
2025-06-01 00:53:01,
2025-06-01 00:53:02,2525.41
2025-06-01 00:53:03,
2025-06-01 00:53:04,
2025-06-01 00:53:05,
2025-06-01 00:53:06,
2025-06-01 00:53:07,
2025-06-01 00:53:08,
2025-06-01 00:53:09,2525.41
2025-06-01 00:53:10,2525.41
2025-06-01 00:53:11,
2025-06-01 00:53:12,2525.4
2025-06-01 00:53:13,2525.41
2025-06-01 00:53:14,
2025-06-01 00:53:15,
2025-06-01 00:53:16,2525.4
2025-06-01 00:53:17,2525.41
2025-06-01 00:53:18,
2025-06-01 00:53:19,
2025-06-01 00:53:20,2525.41
2025-06-01 00:53:21,2525.41
2025-06-01 00:53:22,2525.4
2025-06-01 00:53:23,
2025-06-01 00:53:24,
2025-06-01 00:53:25,2525.41
2025-06-01 00:53:26,
2025-06-01 00:53:27,2525.41
2025-06-01 00:53:28,2525.41
2025-06-01 00:53:29,2525.41
2025-06-01 00:53:30,2525.41
2025-06-01 00:53:31,2525.41
2025-06-01 00:53:32,2525.41
2025-06-01 00:53:33,2525.41
2025-06-01 00:53:34,
2025-06-01 00:53:35,2525.41
2025-06-01 00:53:36,2525.4
2025-06-01 00:53:37,
2025-06-01 00:53:38,
2025-06-01 00:53:39,2525.41
2025-06-01 00:53:40,
2025-06-01 00:53:41,
2025-06-01 00:53:42,2525.41
2025-06-01 00:53:43,2525.41
2025-06-01 00:53:44,
2025-06-01 00:53:45,
2025-06-01 00:53:46,
2025-06-01 00:53:47,2525.4
2025-06-01 00:53:48,
2025-06-01 00:53:49,2525.41
2025-06-01 00:53:50,
2025-06-01 00:53:51,
2025-06-01 00:53:52,2525.41
2025-06-01 00:53:53,2524.38
2025-06-01 00:53:54,
2025-06-01 00:53:55,2524.37
2025-06-01 00:53:56,2524.37
2025-06-01 00:53:57,
2025-06-01 00:53:58,2524.18
2025-06-01 00:53:59,2524.18
2025-06-01 00:54:00,2524.18
2025-06-01 00:54:01,2524.18
2025-06-01 00:54:02,
2025-06-01 00:54:03,2524.18
2025-06-01 00:54:04,
2025-06-01 00:54:05,2524.18
2025-06-01 00:54:06,2524.18
2025-06-01 00:54:07,2524.18
2025-06-01 00:54:08,2524.14
2025-06-01 00:54:09,2524.14
2025-06-01 00:54:10,2524.15
2025-06-01 00:54:11,
2025-06-01 00:54:12,
2025-06-01 00:54:13,2524.15
2025-06-01 00:54:14,2523.61
2025-06-01 00:54:15,
2025-06-01 00:54:16,2523.41
2025-06-01 00:54:17,2523.4
2025-06-01 00:54:18,2523.41
2025-06-01 00:54:19,2523.41
2025-06-01 00:54:20,2523.4
2025-06-01 00:54:21,2523.41
2025-06-01 00:54:22,2523.41
2025-06-01 00:54:23,2523.31
2025-06-01 00:54:24,
2025-06-01 00:54:25,2523.3
2025-06-01 00:54:26,2523.31
2025-06-01 00:54:27,
2025-06-01 00:54:28,2523.31
2025-06-01 00:54:29,2523.31
2025-06-01 00:54:30,2523.31
2025-06-01 00:54:31,2522.77
2025-06-01 00:54:32,2522.61
2025-06-01 00:54:33,2522.61
2025-06-01 00:54:34,2522.61
2025-06-01 00:54:35,2522.61
2025-06-01 00:54:36,2522.37
2025-06-01 00:54:37,2522.36
2025-06-01 00:54:38,
2025-06-01 00:54:39,2522.37
2025-06-01 00:54:40,
2025-06-01 00:54:41,2522.26
2025-06-01 00:54:42,2521.36
2025-06-01 00:54:43,2521.36
2025-06-01 00:54:44,2521.36
2025-06-01 00:54:45,2521.35
2025-06-01 00:54:46,2521.36
2025-06-01 00:54:47,2521.36
2025-06-01 00:54:48,
2025-06-01 00:54:49,2521.35
2025-06-01 00:54:50,2521.36
2025-06-01 00:54:51,2521.36
2025-06-01 00:54:52,
2025-06-01 00:54:53,2521.35
2025-06-01 00:54:54,
2025-06-01 00:54:55,2521.36
2025-06-01 00:54:56,2521.35
2025-06-01 00:54:57,2521.35
2025-06-01 00:54:58,
2025-06-01 00:54:59,2521.36
2025-06-01 00:55:00,
2025-06-01 00:55:01,2521.11
2025-06-01 00:55:02,2521.11
2025-06-01 00:55:03,2521.11
2025-06-01 00:55:04,2521.35
2025-06-01 00:55:05,2521.36
2025-06-01 00:55:06,2521.36
2025-06-01 00:55:07,2521.35
2025-06-01 00:55:08,2521.36
2025-06-01 00:55:09,
2025-06-01 00:55:10,
2025-06-01 00:55:11,
2025-06-01 00:55:12,2521.36
2025-06-01 00:55:13,2521.36
2025-06-01 00:55:14,2521.7
2025-06-01 00:55:15,2521.71
2025-06-01 00:55:16,2521.87
2025-06-01 00:55:17,2521.99
2025-06-01 00:55:18,
2025-06-01 00:55:19,2522.1
2025-06-01 00:55:20,2521.86
2025-06-01 00:55:21,
2025-06-01 00:55:22,2523.5
2025-06-01 00:55:23,2523.49
2025-06-01 00:55:24,2523.5
2025-06-01 00:55:25,2523.5
2025-06-01 00:55:26,2523.67
2025-06-01 00:55:27,2523.67
2025-06-01 00:55:28,2523.89
2025-06-01 00:55:29,2523.89
2025-06-01 00:55:30,
2025-06-01 00:55:31,
2025-06-01 00:55:32,2523.32
2025-06-01 00:55:33,2523.32
2025-06-01 00:55:34,2523.32
2025-06-01 00:55:35,2523.31
2025-06-01 00:55:36,
2025-06-01 00:55:37,
2025-06-01 00:55:38,2523.32
2025-06-01 00:55:39,
2025-06-01 00:55:40,
2025-06-01 00:55:41,2523.31
2025-06-01 00:55:42,2523.32
2025-06-01 00:55:43,
2025-06-01 00:55:44,
2025-06-01 00:55:45,2523.31
2025-06-01 00:55:46,2523.32
2025-06-01 00:55:47,2523.31
2025-06-01 00:55:48,2523.31
2025-06-01 00:55:49,
2025-06-01 00:55:50,
2025-06-01 00:55:51,
2025-06-01 00:55:52,2523.32
2025-06-01 00:55:53,
2025-06-01 00:55:54,2523.32
2025-06-01 00:55:55,2523.32
2025-06-01 00:55:56,
2025-06-01 00:55:57,2523.32
2025-06-01 00:55:58,
2025-06-01 00:55:59,2523.31
2025-06-01 00:56:00,2523.32
2025-06-01 00:56:01,
2025-06-01 00:56:02,2523.32
2025-06-01 00:56:03,2523.32
2025-06-01 00:56:04,2522.86
2025-06-01 00:56:05,2522.86
2025-06-01 00:56:06,
2025-06-01 00:56:07,2522.87
2025-06-01 00:56:08,2522.87
2025-06-01 00:56:09,2522.86
2025-06-01 00:56:10,2522.87
2025-06-01 00:56:11,2523.32
2025-06-01 00:56:12,
2025-06-01 00:56:13,2523.32
2025-06-01 00:56:14,
2025-06-01 00:56:15,2523.31
2025-06-01 00:56:16,2523.32
2025-06-01 00:56:17,
2025-06-01 00:56:18,2523.32
2025-06-01 00:56:19,2523.33
2025-06-01 00:56:20,2523.33
2025-06-01 00:56:21,2523.32
2025-06-01 00:56:22,2523.33
2025-06-01 00:56:23,2523.33
2025-06-01 00:56:24,
2025-06-01 00:56:25,2523.33
2025-06-01 00:56:26,
2025-06-01 00:56:27,2523.32
2025-06-01 00:56:28,
2025-06-01 00:56:29,2523.33
2025-06-01 00:56:30,2525.31
2025-06-01 00:56:31,
2025-06-01 00:56:32,2525.32
2025-06-01 00:56:33,
2025-06-01 00:56:34,2525.32
2025-06-01 00:56:35,2525.32
2025-06-01 00:56:36,2525.32
2025-06-01 00:56:37,2525.31
2025-06-01 00:56:38,
2025-06-01 00:56:39,2525.32
2025-06-01 00:56:40,2525.32
2025-06-01 00:56:41,2525.57
2025-06-01 00:56:42,
2025-06-01 00:56:43,
2025-06-01 00:56:44,2525.57
2025-06-01 00:56:45,
2025-06-01 00:56:46,2525.57
2025-06-01 00:56:47,2525.46
2025-06-01 00:56:48,
2025-06-01 00:56:49,2525.47
2025-06-01 00:56:50,
2025-06-01 00:56:51,2525.46
2025-06-01 00:56:52,2525.46
2025-06-01 00:56:53,2525.45
2025-06-01 00:56:54,
2025-06-01 00:56:55,2525.46
2025-06-01 00:56:56,
2025-06-01 00:56:57,
2025-06-01 00:56:58,2525.45
2025-06-01 00:56:59,2525.46
2025-06-01 00:57:00,2525.45
2025-06-01 00:57:01,2525.46
2025-06-01 00:57:02,2525.46
2025-06-01 00:57:03,2525.45
2025-06-01 00:57:04,
2025-06-01 00:57:05,
2025-06-01 00:57:06,2525.46
2025-06-01 00:57:07,2525.15
2025-06-01 00:57:08,2525.0
2025-06-01 00:57:09,2524.89
2025-06-01 00:57:10,2524.7
2025-06-01 00:57:11,2524.71
2025-06-01 00:57:12,
2025-06-01 00:57:13,
2025-06-01 00:57:14,2524.7
2025-06-01 00:57:15,2524.71
2025-06-01 00:57:16,2524.71
2025-06-01 00:57:17,
2025-06-01 00:57:18,2524.7
2025-06-01 00:57:19,2524.7
2025-06-01 00:57:20,
2025-06-01 00:57:21,2524.71
2025-06-01 00:57:22,2524.7
2025-06-01 00:57:23,2524.71
2025-06-01 00:57:24,2524.7
2025-06-01 00:57:25,2524.71
2025-06-01 00:57:26,2524.61
2025-06-01 00:57:27,
2025-06-01 00:57:28,
2025-06-01 00:57:29,2524.6
2025-06-01 00:57:30,2524.61
2025-06-01 00:57:31,
2025-06-01 00:57:32,
2025-06-01 00:57:33,
2025-06-01 00:57:34,
2025-06-01 00:57:35,2524.38
2025-06-01 00:57:36,2524.38
2025-06-01 00:57:37,2524.37
2025-06-01 00:57:38,2524.38
2025-06-01 00:57:39,
2025-06-01 00:57:40,
2025-06-01 00:57:41,
2025-06-01 00:57:42,
2025-06-01 00:57:43,
2025-06-01 00:57:44,2524.37
2025-06-01 00:57:45,2524.38
2025-06-01 00:57:46,2524.38
2025-06-01 00:57:47,
2025-06-01 00:57:48,2524.38
2025-06-01 00:57:49,2524.38
2025-06-01 00:57:50,2524.61
2025-06-01 00:57:51,
2025-06-01 00:57:52,2524.63
2025-06-01 00:57:53,2524.63
2025-06-01 00:57:54,2524.63
2025-06-01 00:57:55,
2025-06-01 00:57:56,
2025-06-01 00:57:57,
2025-06-01 00:57:58,
2025-06-01 00:57:59,
2025-06-01 00:58:00,2524.62
2025-06-01 00:58:01,
2025-06-01 00:58:02,
2025-06-01 00:58:03,
2025-06-01 00:58:04,
2025-06-01 00:58:05,
2025-06-01 00:58:06,2524.62
2025-06-01 00:58:07,2524.62
2025-06-01 00:58:08,
2025-06-01 00:58:09,2524.62
2025-06-01 00:58:10,2524.63
2025-06-01 00:58:11,
2025-06-01 00:58:12,2524.62
2025-06-01 00:58:13,
2025-06-01 00:58:14,
2025-06-01 00:58:15,
2025-06-01 00:58:16,2524.62
2025-06-01 00:58:17,
2025-06-01 00:58:18,2524.55
2025-06-01 00:58:19,2524.54
2025-06-01 00:58:20,2524.54
2025-06-01 00:58:21,2524.55
2025-06-01 00:58:22,2524.55
2025-06-01 00:58:23,2524.55
2025-06-01 00:58:24,2524.54
2025-06-01 00:58:25,
2025-06-01 00:58:26,2524.55
2025-06-01 00:58:27,
2025-06-01 00:58:28,2524.54
2025-06-01 00:58:29,
2025-06-01 00:58:30,
2025-06-01 00:58:31,
2025-06-01 00:58:32,2524.55
2025-06-01 00:58:33,
2025-06-01 00:58:34,2524.55
2025-06-01 00:58:35,2524.54
2025-06-01 00:58:36,2524.55
2025-06-01 00:58:37,2524.47
2025-06-01 00:58:38,2524.62
2025-06-01 00:58:39,2524.63
2025-06-01 00:58:40,2525.17
2025-06-01 00:58:41,2525.99
2025-06-01 00:58:42,2525.99
2025-06-01 00:58:43,2525.93
2025-06-01 00:58:44,2525.93
2025-06-01 00:58:45,2525.77
2025-06-01 00:58:46,2525.76
2025-06-01 00:58:47,2525.76
2025-06-01 00:58:48,2525.51
2025-06-01 00:58:49,
2025-06-01 00:58:50,
2025-06-01 00:58:51,
2025-06-01 00:58:52,2525.51
2025-06-01 00:58:53,
2025-06-01 00:58:54,2525.51
2025-06-01 00:58:55,2525.51
2025-06-01 00:58:56,2525.5
2025-06-01 00:58:57,
2025-06-01 00:58:58,
2025-06-01 00:58:59,
2025-06-01 00:59:00,2525.51
2025-06-01 00:59:01,
2025-06-01 00:59:02,2525.49
2025-06-01 00:59:03,
2025-06-01 00:59:04,
2025-06-01 00:59:05,
2025-06-01 00:59:06,2525.48
2025-06-01 00:59:07,2525.49
2025-06-01 00:59:08,2525.48
2025-06-01 00:59:09,
2025-06-01 00:59:10,
2025-06-01 00:59:11,2525.48
2025-06-01 00:59:12,2525.49
2025-06-01 00:59:13,2525.49
2025-06-01 00:59:14,2525.49
2025-06-01 00:59:15,
2025-06-01 00:59:16,2525.49
2025-06-01 00:59:17,2525.48
2025-06-01 00:59:18,
2025-06-01 00:59:19,
2025-06-01 00:59:20,
2025-06-01 00:59:21,
2025-06-01 00:59:22,2525.49
2025-06-01 00:59:23,
2025-06-01 00:59:24,2525.49
2025-06-01 00:59:25,
2025-06-01 00:59:26,2525.48
2025-06-01 00:59:27,
2025-06-01 00:59:28,
2025-06-01 00:59:29,2525.49
2025-06-01 00:59:30,2525.77
2025-06-01 00:59:31,
2025-06-01 00:59:32,
2025-06-01 00:59:33,2525.76
2025-06-01 00:59:34,
2025-06-01 00:59:35,2525.77
2025-06-01 00:59:36,2525.77
2025-06-01 00:59:37,
2025-06-01 00:59:38,2525.77
2025-06-01 00:59:39,
2025-06-01 00:59:40,2525.77
2025-06-01 00:59:41,2525.77
2025-06-01 00:59:42,
2025-06-01 00:59:43,2525.77
2025-06-01 00:59:44,2525.77
2025-06-01 00:59:45,2525.76
2025-06-01 00:59:46,
2025-06-01 00:59:47,2525.77
2025-06-01 00:59:48,
2025-06-01 00:59:49,
2025-06-01 00:59:50,2525.76
2025-06-01 00:59:51,2525.53
2025-06-01 00:59:52,2525.76
2025-06-01 00:59:53,2525.77
2025-06-01 00:59:54,
2025-06-01 00:59:55,2525.77
2025-06-01 00:59:56,2525.76
2025-06-01 00:59:57,2525.76
2025-06-01 00:59:58,2525.76
2025-06-01 00:59:59,2525.76
