close_time,ratio
2024-02-01 00:01:00,1.0000788186584408
2024-02-01 00:02:00,1.0000119603759778
2024-02-01 00:03:00,1.0000867235604474
2024-02-01 00:04:00,1.0001079095342764
2024-02-01 00:05:00,1.0001037480752621
2024-02-01 00:06:00,1.0001122344996642
2024-02-01 00:07:00,1.0001146134497003
2024-02-01 00:08:00,0.9999275071613071
2024-02-01 00:09:00,1.0000603248150939
2024-02-01 00:10:00,1.000016432889254
2024-02-01 00:11:00,0.9999941305047062
2024-02-01 00:12:00,1.0000486236226243
2024-02-01 00:13:00,1.0000568483464647
2024-02-01 00:14:00,1.0000420323954708
2024-02-01 00:15:00,1.0000983611945133
2024-02-01 00:16:00,1.0000892517415834
2024-02-01 00:17:00,1.0000089240423096
2024-02-01 00:18:00,0.9999779205892855
2024-02-01 00:19:00,0.9999776839197374
2024-02-01 00:20:00,1.0000192652877107
2024-02-01 00:21:00,1.000005876697484
2024-02-01 00:22:00,0.9999743510703133
2024-02-01 00:23:00,0.9999743233979803
2024-02-01 00:24:00,1.0000393459617378
2024-02-01 00:25:00,1.000024278710164
2024-02-01 00:26:00,0.9999825636192272
2024-02-01 00:28:00,0.999978551849137
2024-02-01 00:29:00,1.0000211978679656
2024-02-01 00:30:00,1.0000494300247385
2024-02-01 00:31:00,1.0000190543401553
2024-02-01 00:32:00,1.0000706597263114
2024-02-01 00:33:00,0.9999988221714446
2024-02-01 00:34:00,0.9999908103828536
2024-02-01 00:35:00,1.0000007067137808
2024-02-01 00:36:00,0.9999849177546307
2024-02-01 00:37:00,0.9999780723471077
2024-02-01 00:38:00,1.0000070820192253
2024-02-01 00:39:00,0.9999268250079076
2024-02-01 00:40:00,0.9999718737295908
2024-02-01 00:41:00,1.000125502008032
2024-02-01 00:42:00,1.0000285985076778
2024-02-01 00:43:00,0.9999336649299941
2024-02-01 00:44:00,0.9999435982876534
2024-02-01 00:45:00,1.0000606469638762
2024-02-01 00:46:00,1.0000447858646382
2024-02-01 00:47:00,1.0000852840287986
2024-02-01 00:48:00,1.0001364449377514
2024-02-01 00:49:00,1.0000539473436232
2024-02-01 00:50:00,0.9999974072563823
2024-02-01 00:51:00,1.000084761725372
2024-02-01 00:52:00,1.000049934637444
2024-02-01 00:53:00,1.000030379532202
2024-02-01 00:54:00,0.9999717290512269
2024-02-01 00:55:00,1.000058673968316
2024-02-01 00:56:00,1.0000803364234978
2024-02-01 00:57:00,1.0001116510457275
2024-02-01 00:58:00,0.9999844649590676
2024-02-01 00:59:00,1.0001297215342455
2024-02-01 01:00:00,1.0000388479350555
2024-02-01 01:01:00,1.0001338527195904
2024-02-01 01:02:00,1.0000609870961665
2024-02-01 01:03:00,0.9999705394347342
2024-02-01 01:04:00,1.0000153248033121
2024-02-01 01:05:00,1.0000952751541736
2024-02-01 01:06:00,0.999948571684702
2024-02-01 01:07:00,1.000000471976401
2024-02-01 01:08:00,1.0000290419006155
2024-02-01 01:09:00,0.9999100322325467
2024-02-01 01:10:00,0.999960796075829
2024-02-01 01:11:00,0.9999780238476698
2024-02-01 01:12:00,1.0000385333680055
2024-02-01 01:13:00,1.0000569649724513
2024-02-01 01:14:00,1.000037616753887
2024-02-01 01:15:00,1.0000589004771177
2024-02-01 01:16:00,1.000026321905042
2024-02-01 01:17:00,0.9999783899824508
2024-02-01 01:18:00,0.9998822442908661
2024-02-01 01:19:00,0.9999598861621503
2024-02-01 01:20:00,1.0001709856372063
2024-02-01 01:21:00,0.9999081387628243
2024-02-01 01:22:00,1.0001124650775723
2024-02-01 01:23:00,1.0000661495264835
2024-02-01 01:24:00,1.0001096921718813
2024-02-01 01:25:00,1.000005467702519
2024-02-01 01:26:00,0.9999700012856592
2024-02-01 01:27:00,0.9999107803507403
2024-02-01 01:28:00,1.0000830033415384
2024-02-01 01:29:00,0.9999588464640075
2024-02-01 01:30:00,0.9999500322411016
2024-02-01 01:31:00,0.9999027786713561
2024-02-01 01:32:00,1.000010238558411
2024-02-01 01:33:00,1.0000717332761375
2024-02-01 01:34:00,1.0000097749613173
2024-02-01 01:35:00,1.0001554773010284
2024-02-01 01:36:00,1.0000433882918363
2024-02-01 01:37:00,1.0000715720563607
2024-02-01 01:38:00,1.0000589498806682
2024-02-01 01:39:00,1.0000269720636255
2024-02-01 01:40:00,1.0001469609384506
2024-02-01 01:41:00,1.0000930097230933
2024-02-01 01:42:00,1.0000605221584966
2024-02-01 01:43:00,1.0001794037798521
2024-02-01 01:44:00,0.9999431834390423
2024-02-01 01:45:00,1.0000235403776923
2024-02-01 01:46:00,1.0001058583686393
2024-02-01 01:47:00,1.0000123685249585
2024-02-01 01:48:00,1.0001179096707324
2024-02-01 01:49:00,1.0000832845523813
2024-02-01 01:50:00,0.9999811827700867
2024-02-01 01:51:00,0.9998175065252719
2024-02-01 01:52:00,1.0001215559157213
2024-02-01 01:53:00,1.0000436129647283
2024-02-01 01:54:00,1.0000711936968576
2024-02-01 01:55:00,0.9999683002750489
2024-02-01 01:56:00,1.0000979133264565
2024-02-01 01:57:00,1.0000364161725888
2024-02-01 01:58:00,1.0001230483625285
2024-02-01 01:59:00,1.0000835863547062
2024-02-01 02:00:00,1.0000843258694616
2024-02-01 02:01:00,1.0001097592914454
2024-02-01 02:02:00,1.0000340455114682
2024-02-01 02:03:00,1.0002474275857967
2024-02-01 02:04:00,1.000146342856327
2024-02-01 02:05:00,1.0001042946538274
2024-02-01 02:06:00,0.9999785622409604
2024-02-01 02:07:00,1.0000395133667055
2024-02-01 02:09:00,1.0001118437804148
2024-02-01 02:10:00,1.0001581702673195
2024-02-01 02:11:00,1.000105105712091
2024-02-01 02:12:00,1.0001310946522424
2024-02-01 02:13:00,1.0001303678609916
2024-02-01 02:14:00,1.0000144852511648
2024-02-01 02:15:00,1.0000425052953525
2024-02-01 02:16:00,0.9999667636061487
2024-02-01 02:17:00,1.0000942392965997
2024-02-01 02:18:00,0.9999788909444524
2024-02-01 02:19:00,0.9999084613925251
2024-02-01 02:20:00,1.000132580698717
2024-02-01 02:21:00,1.0001205188002211
2024-02-01 02:22:00,1.0000246747792911
2024-02-01 02:23:00,0.9999325980828425
2024-02-01 02:24:00,1.00013175074184
2024-02-01 02:25:00,1.0001423580578463
2024-02-01 02:26:00,1.0000463636623014
2024-02-01 02:27:00,1.0000577442665646
2024-02-01 02:28:00,1.0001020647945293
2024-02-01 02:29:00,1.0001638600682514
2024-02-01 02:30:00,1.0002120319211327
2024-02-01 02:31:00,1.000152098122301
2024-02-01 02:32:00,1.0001495911176117
2024-02-01 02:33:00,1.0002041717511763
2024-02-01 02:34:00,1.0000939421544066
2024-02-01 02:35:00,1.0
2024-02-01 02:36:00,1.0002643071377177
2024-02-01 02:37:00,1.000129571488577
2024-02-01 02:38:00,1.0000532080410651
2024-02-01 02:39:00,1.0001125535163475
2024-02-01 02:40:00,1.0001139763499074
2024-02-01 02:41:00,1.000097097289585
2024-02-01 02:42:00,1.0001280315446923
2024-02-01 02:43:00,1.0000805078406088
2024-02-01 02:44:00,1.0000899754526074
2024-02-01 02:45:00,1.0002209297082827
2024-02-01 02:46:00,1.0000973316873991
2024-02-01 02:47:00,1.0001412436084298
2024-02-01 02:48:00,1.0001732456504664
2024-02-01 02:49:00,1.0000923137528506
2024-02-01 02:50:00,1.0001407648301563
2024-02-01 02:51:00,1.000131282509039
2024-02-01 02:52:00,1.0000857840807558
2024-02-01 02:53:00,1.0000473043643625
2024-02-01 02:54:00,1.0000710770913066
2024-02-01 02:55:00,1.000033034360488
2024-02-01 02:56:00,1.000194499793136
2024-02-01 02:57:00,1.0000370811435253
2024-02-01 02:58:00,0.9999356505468515
2024-02-01 02:59:00,1.0001202632983455
2024-02-01 03:00:00,1.0000607210626185
2024-02-01 03:01:00,1.0001029072483218
2024-02-01 03:02:00,1.000123380629241
2024-02-01 03:03:00,1.000081848397788
2024-02-01 03:04:00,1.0000899295512302
2024-02-01 03:05:00,1.0000711843413432
2024-02-01 03:06:00,1.0000258600237246
2024-02-01 03:07:00,1.000179240362274
2024-02-01 03:08:00,1.000050068933769
2024-02-01 03:09:00,1.0001325970520283
2024-02-01 03:10:00,1.000168184438314
2024-02-01 03:11:00,1.0001867597538663
2024-02-01 03:12:00,1.000097554954771
2024-02-01 03:13:00,1.000187277029962
2024-02-01 03:14:00,1.00021139037865
2024-02-01 03:15:00,1.000089777480103
2024-02-01 03:16:00,1.0001863241850695
2024-02-01 03:17:00,1.0002334415754215
2024-02-01 03:18:00,1.0001484855190925
2024-02-01 03:19:00,1.0001427076396157
2024-02-01 03:20:00,1.0001877786968632
2024-02-01 03:21:00,1.000180765159894
2024-02-01 03:22:00,1.0001162727106283
2024-02-01 03:23:00,1.0002224156961255
2024-02-01 03:24:00,1.0002662295331584
2024-02-01 03:25:00,1.000100618458611
2024-02-01 03:26:00,1.0000597923703982
2024-02-01 03:27:00,1.0000900394458525
2024-02-01 03:28:00,1.0000780471090447
2024-02-01 03:29:00,1.0000335588040687
2024-02-01 03:30:00,1.0000523534045183
2024-02-01 03:31:00,1.0001454107556362
2024-02-01 03:32:00,1.0001100461145622
2024-02-01 03:33:00,1.000102437536925
2024-02-01 03:34:00,1.000083379986421
2024-02-01 03:35:00,1.0000835716275516
2024-02-01 03:36:00,1.0001378893170312
2024-02-01 03:37:00,1.0001096010521702
2024-02-01 03:38:00,1.0000657434006488
2024-02-01 03:39:00,1.0001374303618682
2024-02-01 03:40:00,1.0000107041931894
2024-02-01 03:41:00,1.0001040926472091
2024-02-01 03:42:00,0.9999988128562914
2024-02-01 03:43:00,1.0001701209617062
2024-02-01 03:44:00,1.0001062022594709
2024-02-01 03:45:00,1.000109032861887
2024-02-01 03:46:00,1.0001435044061078
2024-02-01 03:47:00,1.0000503325031636
2024-02-01 03:48:00,1.00015699034545
2024-02-01 03:50:00,1.000135712299432
2024-02-01 03:51:00,1.000062063356938
2024-02-01 03:52:00,1.000195458793149
2024-02-01 03:53:00,1.0001569806438109
2024-02-01 03:54:00,1.0001059838077653
2024-02-01 03:55:00,1.000175517455425
2024-02-01 03:56:00,1.0001287120703848
2024-02-01 03:57:00,1.0001577981564036
2024-02-01 03:58:00,1.0000730236054156
2024-02-01 03:59:00,1.000075704732498
2024-02-01 04:00:00,1.0001940129738738
2024-02-01 04:01:00,1.0000864781934395
2024-02-01 04:02:00,1.0001147892355322
2024-02-01 04:03:00,1.0000523812018152
2024-02-01 04:04:00,0.99999738069045
2024-02-01 04:05:00,1.000053318861071
2024-02-01 04:06:00,0.999950011782937
2024-02-01 04:07:00,1.0000832786073914
2024-02-01 04:08:00,1.0000854265617116
2024-02-01 04:09:00,1.0000557187962835
2024-02-01 04:10:00,0.9999831072239219
2024-02-01 04:11:00,1.0000335729473477
2024-02-01 04:12:00,1.0000711874253008
2024-02-01 04:13:00,1.0000197638811499
2024-02-01 04:14:00,1.0000214311227527
2024-02-01 04:15:00,0.9999926225431283
2024-02-01 04:16:00,1.000108229999453
2024-02-01 04:17:00,1.0001279605748237
2024-02-01 04:18:00,1.0002021398284426
2024-02-01 04:19:00,1.000112073211647
2024-02-01 04:20:00,1.000092056280403
2024-02-01 04:21:00,1.0001357107313857
2024-02-01 04:22:00,1.000041905460329
2024-02-01 04:23:00,1.000106680128683
2024-02-01 04:24:00,1.000077366584301
2024-02-01 04:25:00,1.0000716547242128
2024-02-01 04:26:00,1.0000869246303918
2024-02-01 04:27:00,1.0000454977477424
2024-02-01 04:28:00,1.0001071084294333
2024-02-01 04:29:00,1.0000430496259916
2024-02-01 04:30:00,1.0001117940325774
2024-02-01 04:31:00,1.0001796455628735
2024-02-01 04:32:00,1.0001604460113453
2024-02-01 04:33:00,1.0000426513407772
2024-02-01 04:34:00,1.0000615254006902
2024-02-01 04:35:00,1.0001046593683247
2024-02-01 04:36:00,1.0000932838046432
2024-02-01 04:37:00,1.0000564015792444
2024-02-01 04:38:00,0.9999997622568483
2024-02-01 04:39:00,1.0000760593643339
2024-02-01 04:40:00,0.9999489040513148
2024-02-01 04:41:00,1.0000608875791719
2024-02-01 04:42:00,1.0001750884363128
2024-02-01 04:43:00,1.0000668099553967
2024-02-01 04:44:00,1.0000149828054472
2024-02-01 04:45:00,0.9999387024884888
2024-02-01 04:46:00,1.0001161225056814
2024-02-01 04:47:00,1.0001082181735337
2024-02-01 04:48:00,1.0001932578187507
2024-02-01 04:49:00,1.0001140326703601
2024-02-01 04:50:00,1.0002104003305612
2024-02-01 04:51:00,1.000198571991848
2024-02-01 04:52:00,1.0002068952411718
2024-02-01 04:53:00,1.0001353102878547
2024-02-01 04:54:00,1.000137022410407
2024-02-01 04:55:00,1.0001579928962594
2024-02-01 04:56:00,1.0000950841494722
2024-02-01 04:57:00,1.000135741980882
2024-02-01 04:58:00,1.0001554917843751
2024-02-01 04:59:00,1.0001188605551738
2024-02-01 05:00:00,1.000067267878281
2024-02-01 05:01:00,1.0001431009646242
2024-02-01 05:02:00,1.0001937883118304
2024-02-01 05:03:00,1.0001548249004102
2024-02-01 05:04:00,1.0000877228433611
2024-02-01 05:05:00,1.0000061821597137
2024-02-01 05:06:00,0.999975984972775
2024-02-01 05:07:00,1.0001308013365517
2024-02-01 05:08:00,1.0000906611841638
2024-02-01 05:09:00,1.0001698055322357
2024-02-01 05:10:00,1.0001563755103593
2024-02-01 05:11:00,1.0002121228695562
2024-02-01 05:12:00,1.0001901452472006
2024-02-01 05:13:00,1.0001233071988596
2024-02-01 05:14:00,1.000111651419517
2024-02-01 05:15:00,1.0002629318323122
2024-02-01 05:16:00,1.0002340576393616
2024-02-01 05:17:00,1.0002177625960718
2024-02-01 05:18:00,1.0001729426584773
2024-02-01 05:19:00,1.0001257539304034
2024-02-01 05:20:00,1.000107975215535
2024-02-01 05:21:00,1.0001078712846638
2024-02-01 05:22:00,1.0001345361705358
2024-02-01 05:23:00,1.000148151665519
2024-02-01 05:24:00,1.0000935393731911
2024-02-01 05:25:00,1.000120356083086
2024-02-01 05:26:00,1.0000688780478537
2024-02-01 05:27:00,1.0000980890449025
2024-02-01 05:28:00,1.0002017494457236
2024-02-01 05:29:00,1.0001086308002787
2024-02-01 05:31:00,1.0000594362118687
2024-02-01 05:32:00,1.000019495077493
2024-02-01 05:33:00,1.0001695197337137
2024-02-01 05:34:00,1.0001609800522648
2024-02-01 05:35:00,1.0000387667880408
2024-02-01 05:36:00,1.000009269470642
2024-02-01 05:37:00,1.0000406365924197
2024-02-01 05:38:00,1.000120737066517
2024-02-01 05:39:00,1.0000717789777913
2024-02-01 05:40:00,1.0000978861811798
2024-02-01 05:41:00,1.0001227713555667
2024-02-01 05:42:00,1.000115800339333
2024-02-01 05:43:00,1.0000840493754466
2024-02-01 05:44:00,1.0001132653424674
2024-02-01 05:45:00,1.000176042117067
2024-02-01 05:46:00,1.0000973975840648
2024-02-01 05:47:00,1.0001049801440272
2024-02-01 05:48:00,1.0000800218457264
2024-02-01 05:49:00,1.000058898829386
2024-02-01 05:50:00,1.0000712396168259
2024-02-01 05:51:00,1.0001391676067208
2024-02-01 05:52:00,1.000150759734093
2024-02-01 05:53:00,1.0000237433815324
2024-02-01 05:54:00,1.000091848940533
2024-02-01 05:55:00,1.0000320443588873
2024-02-01 05:56:00,1.0001661523854735
2024-02-01 05:57:00,1.0000756679056593
2024-02-01 05:58:00,1.0001143570264326
2024-02-01 05:59:00,1.0000704567829481
2024-02-01 06:00:00,1.0000925209832845
2024-02-01 06:01:00,1.000180282759275
2024-02-01 06:02:00,1.0000595195750634
2024-02-01 06:03:00,1.0001855115921023
2024-02-01 06:04:00,1.0001049148575578
2024-02-01 06:05:00,1.000111775329215
2024-02-01 06:06:00,0.9999874246069596
2024-02-01 06:07:00,1.0000467426095663
2024-02-01 06:08:00,1.0001610367064078
2024-02-01 06:09:00,1.0000994026352372
2024-02-01 06:10:00,1.0001139054869224
2024-02-01 06:11:00,1.0000082999556545
2024-02-01 06:12:00,1.0000282191800312
2024-02-01 06:13:00,1.000075883329381
2024-02-01 06:14:00,1.0001201427494917
2024-02-01 06:15:00,1.0000995350292208
2024-02-01 06:16:00,1.0000684770838715
2024-02-01 06:17:00,1.0000324543802754
2024-02-01 06:18:00,1.000142437313362
2024-02-01 06:19:00,1.0001638252120126
2024-02-01 06:20:00,1.0001472439768677
2024-02-01 06:21:00,1.0001305405565775
2024-02-01 06:22:00,1.0002228413578371
2024-02-01 06:23:00,1.0001113345186858
2024-02-01 06:24:00,1.0000887941329395
2024-02-01 06:25:00,1.0000923023626083
2024-02-01 06:26:00,1.0001447040683193
2024-02-01 06:27:00,1.0001444116942646
2024-02-01 06:28:00,1.0001843210840073
2024-02-01 06:29:00,1.0001012042595854
2024-02-01 06:30:00,1.000178332167376
2024-02-01 06:31:00,1.0001909650972736
2024-02-01 06:32:00,1.0000967285365778
2024-02-01 06:33:00,1.0002190710344943
2024-02-01 06:34:00,1.0001054929841238
2024-02-01 06:35:00,1.0001460314299464
2024-02-01 06:36:00,1.000221625426955
2024-02-01 06:37:00,1.0000623222748815
2024-02-01 06:38:00,1.0000727253776034
2024-02-01 06:39:00,1.000184379850932
2024-02-01 06:40:00,1.0001492406493626
2024-02-01 06:41:00,1.000127694859038
2024-02-01 06:42:00,1.00011349312407
2024-02-01 06:43:00,1.0000883800389062
2024-02-01 06:44:00,1.0001682703701948
2024-02-01 06:45:00,1.0001270139170286
2024-02-01 06:46:00,1.0000775024767612
2024-02-01 06:47:00,1.0002081436807768
2024-02-01 06:48:00,1.000182786751161
2024-02-01 06:49:00,1.0002065214298586
2024-02-01 06:50:00,1.0001208734170914
2024-02-01 06:51:00,1.0000473939264682
2024-02-01 06:52:00,1.0001877061924083
2024-02-01 06:53:00,1.0001358447623903
2024-02-01 06:54:00,1.0001673810788256
2024-02-01 06:55:00,1.0001171368343176
2024-02-01 06:56:00,1.0001501398221566
2024-02-01 06:57:00,1.0002013518320882
2024-02-01 06:58:00,1.0001769298636738
2024-02-01 06:59:00,1.000162962260123
2024-02-01 07:00:00,1.0000971833423011
2024-02-01 07:01:00,1.0001104655435213
2024-02-01 07:02:00,1.0002506640106241
2024-02-01 07:03:00,1.0002014708080902
2024-02-01 07:04:00,1.000103618588748
2024-02-01 07:05:00,1.0002305645035037
2024-02-01 07:06:00,1.000159270063637
2024-02-01 07:07:00,1.0001804496996463
2024-02-01 07:08:00,1.0000595697214938
2024-02-01 07:09:00,1.0001424095699232
2024-02-01 07:10:00,1.000170581257414
2024-02-01 07:12:00,1.0002125332972787
2024-02-01 07:13:00,1.000142741635269
2024-02-01 07:14:00,1.0001455621329831
2024-02-01 07:15:00,1.000179517886574
2024-02-01 07:16:00,1.0000995831732888
2024-02-01 07:17:00,1.0000812915641635
2024-02-01 07:18:00,1.0000995161618986
2024-02-01 07:19:00,1.000174184237156
2024-02-01 07:20:00,1.0001774440009001
2024-02-01 07:21:00,1.0001750745073512
2024-02-01 07:22:00,1.0001430527068698
2024-02-01 07:23:00,1.0000383607186243
2024-02-01 07:24:00,1.0000949993840438
2024-02-01 07:25:00,1.0000776868273458
2024-02-01 07:26:00,1.0001660582601548
2024-02-01 07:27:00,0.9999625775981925
2024-02-01 07:28:00,1.000028172348485
2024-02-01 07:29:00,1.0000686683083917
2024-02-01 07:30:00,1.000085008039061
2024-02-01 07:31:00,1.0000227380388442
2024-02-01 07:32:00,1.0000523498199734
2024-02-01 07:33:00,1.0000570674888174
2024-02-01 07:34:00,1.0001114447354784
2024-02-01 07:35:00,1.0000977172493422
2024-02-01 07:36:00,1.0000854013389795
2024-02-01 07:37:00,1.0000901412449428
2024-02-01 07:38:00,1.000114722572435
2024-02-01 07:39:00,1.0001125931672978
2024-02-01 07:40:00,1.0001816461684012
2024-02-01 07:41:00,1.0000184468682893
2024-02-01 07:42:00,1.0001830994911536
2024-02-01 07:43:00,1.0001232124148924
2024-02-01 07:44:00,1.000233294372069
2024-02-01 07:45:00,1.0001047967581609
2024-02-01 07:46:00,1.0001511234931995
2024-02-01 07:47:00,1.0001865596648074
2024-02-01 07:48:00,1.0002114279903225
2024-02-01 07:49:00,1.0002500834005663
2024-02-01 07:50:00,1.0001969853904473
2024-02-01 07:51:00,1.0001832913931092
2024-02-01 07:52:00,1.000131506745634
2024-02-01 07:53:00,1.0001128574707152
2024-02-01 07:54:00,1.000061521861557
2024-02-01 07:55:00,1.0000868515713743
2024-02-01 07:56:00,1.0001235766198717
2024-02-01 07:57:00,1.0001879992991463
2024-02-01 07:58:00,1.000116498785287
2024-02-01 07:59:00,1.0001232347218567
2024-02-01 08:00:00,1.0000559403429428
2024-02-01 08:01:00,1.0000680417259364
2024-02-01 08:02:00,1.0001852510733176
2024-02-01 08:03:00,1.0001007971274005
2024-02-01 08:04:00,1.0001472125621387
2024-02-01 08:05:00,1.000049270535509
2024-02-01 08:06:00,1.0000828780957929
2024-02-01 08:07:00,1.0000244051539895
2024-02-01 08:08:00,1.0001016826222267
2024-02-01 08:09:00,1.0001021423831642
2024-02-01 08:10:00,1.0001568231101747
2024-02-01 08:11:00,1.0001150977381514
2024-02-01 08:12:00,1.000070899114591
2024-02-01 08:13:00,1.0000663834306958
2024-02-01 08:14:00,1.0000745064540622
2024-02-01 08:15:00,1.0001590568640157
2024-02-01 08:16:00,1.0000868224409916
2024-02-01 08:17:00,1.0001946555190775
2024-02-01 08:18:00,1.0001578837405865
2024-02-01 08:19:00,1.0001132156080887
2024-02-01 08:20:00,1.0000498458339564
2024-02-01 08:21:00,1.0001466021743617
2024-02-01 08:22:00,1.0001188076549123
2024-02-01 08:23:00,1.0001755634638196
2024-02-01 08:24:00,1.0000809034615294
2024-02-01 08:25:00,1.0001731918063668
2024-02-01 08:26:00,1.0000735262725975
2024-02-01 08:27:00,1.0001545906548526
2024-02-01 08:28:00,1.0001301956729503
2024-02-01 08:29:00,1.0001074911610468
2024-02-01 08:30:00,1.0000664259516705
2024-02-01 08:31:00,1.0000967973826747
2024-02-01 08:32:00,1.000134762256129
2024-02-01 08:33:00,1.0000754147812971
2024-02-01 08:34:00,1.0000758608427665
2024-02-01 08:35:00,1.0000512126248604
2024-02-01 08:36:00,1.0000882020300694
2024-02-01 08:37:00,0.9999585126180909
2024-02-01 08:38:00,1.0000210908970266
2024-02-01 08:39:00,1.0001061744721493
2024-02-01 08:40:00,1.0000168251628607
2024-02-01 08:41:00,1.0000485885615416
2024-02-01 08:42:00,1.000042666464396
2024-02-01 08:43:00,1.0000284361537257
2024-02-01 08:44:00,1.0000450087648647
2024-02-01 08:45:00,1.0001157914427992
2024-02-01 08:46:00,1.0001561115664694
2024-02-01 08:47:00,1.000128199659714
2024-02-01 08:48:00,1.000051901146091
2024-02-01 08:49:00,1.0000535546292764
2024-02-01 08:50:00,1.0001915331899995
2024-02-01 08:51:00,1.0001089825296265
2024-02-01 08:53:00,1.0001006586629213
2024-02-01 08:54:00,1.0000440362802128
2024-02-01 08:55:00,1.000156067201258
2024-02-01 08:56:00,1.0000409824415113
2024-02-01 08:57:00,1.0000921327184835
2024-02-01 08:58:00,1.0000660868082203
2024-02-01 08:59:00,1.00008736540046
2024-02-01 09:00:00,1.0000885399897728
2024-02-01 09:01:00,1.0001818078518265
2024-02-01 09:02:00,1.0000921316274376
2024-02-01 09:03:00,1.0000772261137971
2024-02-01 09:04:00,1.0001303178571006
2024-02-01 09:05:00,1.000097165838387
2024-02-01 09:06:00,1.0000687396001726
2024-02-01 09:07:00,1.0001095064388363
2024-02-01 09:08:00,0.9999525357761587
2024-02-01 09:09:00,1.000028940058497
2024-02-01 09:10:00,0.9999940691958779
2024-02-01 09:11:00,1.0000211024988679
2024-02-01 09:12:00,1.0001387350681938
2024-02-01 09:13:00,1.0002336188147345
2024-02-01 09:14:00,1.0001703238050053
2024-02-01 09:15:00,1.0000744340405356
2024-02-01 09:16:00,1.0000945587259455
2024-02-01 09:17:00,1.0000168247242878
2024-02-01 09:18:00,0.99989557186834
2024-02-01 09:19:00,1.0000217751994678
2024-02-01 09:20:00,1.0000935440402974
2024-02-01 09:21:00,1.0001036909724934
2024-02-01 09:22:00,1.0001444816307001
2024-02-01 09:23:00,1.0001302783456072
2024-02-01 09:24:00,1.000162447222413
2024-02-01 09:25:00,1.0001359625747617
2024-02-01 09:26:00,1.0000833611598567
2024-02-01 09:27:00,1.0000835979813336
2024-02-01 09:28:00,1.0000352970160993
2024-02-01 09:29:00,1.0000776916116747
2024-02-01 09:30:00,1.0001651091449622
2024-02-01 09:31:00,1.0000708077770146
2024-02-01 09:32:00,1.000195993392629
2024-02-01 09:33:00,1.0000912538516236
2024-02-01 09:34:00,1.000099296393811
2024-02-01 09:35:00,1.000124762512423
2024-02-01 09:36:00,1.0000452895329013
2024-02-01 09:37:00,1.0002347250871328
2024-02-01 09:38:00,1.0002669587565316
2024-02-01 09:39:00,1.0001424710790823
2024-02-01 09:40:00,1.000129646044966
2024-02-01 09:41:00,1.0001649488445286
2024-02-01 09:42:00,1.0001533509675093
2024-02-01 09:43:00,1.000076529766051
2024-02-01 09:44:00,1.000187511408327
2024-02-01 09:45:00,1.0001066666666667
2024-02-01 09:46:00,1.0002409867172677
2024-02-01 09:47:00,1.0001620122730819
2024-02-01 09:48:00,1.000149430740038
2024-02-01 09:49:00,1.000038663614692
2024-02-01 09:50:00,1.0002108253730353
2024-02-01 09:51:00,1.0001449770551862
2024-02-01 09:52:00,1.0000711834968181
2024-02-01 09:53:00,1.0001388094656192
2024-02-01 09:54:00,1.0000170794598147
2024-02-01 09:55:00,1.0001948595990307
2024-02-01 09:56:00,1.000123829902312
2024-02-01 09:57:00,1.0000455430654753
2024-02-01 09:58:00,1.0001305315720272
2024-02-01 09:59:00,1.0001255470433552
2024-02-01 10:00:00,1.0001046414783634
2024-02-01 10:01:00,1.000068792268698
2024-02-01 10:02:00,1.0000666571781003
2024-02-01 10:03:00,1.000165895730143
2024-02-01 10:04:00,1.000216503141907
2024-02-01 10:05:00,1.0000975878468703
2024-02-01 10:06:00,1.0000944919278254
2024-02-01 10:07:00,1.0001445391952797
2024-02-01 10:08:00,1.0002225417206412
2024-02-01 10:09:00,1.0001727582950084
2024-02-01 10:10:00,1.0001471052300657
2024-02-01 10:11:00,1.0002149037914152
2024-02-01 10:12:00,1.000149113262072
2024-02-01 10:13:00,1.0002387042177399
2024-02-01 10:14:00,1.0000348384986741
2024-02-01 10:15:00,1.0001511493749096
2024-02-01 10:16:00,1.0002081818547843
2024-02-01 10:17:00,1.000196436653326
2024-02-01 10:18:00,1.0001141325452978
2024-02-01 10:19:00,1.0001136094674556
2024-02-01 10:20:00,1.0001138461538461
2024-02-01 10:21:00,1.0000873248769406
2024-02-01 10:22:00,1.0001761309429396
2024-02-01 10:23:00,1.00010436659417
2024-02-01 10:24:00,1.0001537970116057
2024-02-01 10:25:00,1.0001284049176955
2024-02-01 10:26:00,1.0000189071658159
2024-02-01 10:27:00,1.0000853670071888
2024-02-01 10:28:00,1.0000309728550116
2024-02-01 10:29:00,0.9999834525537438
2024-02-01 10:30:00,0.999962375412924
2024-02-01 10:31:00,1.000146955118345
2024-02-01 10:32:00,1.0001155519143023
2024-02-01 10:34:00,1.0000935548965924
2024-02-01 10:35:00,1.0001061302037557
2024-02-01 10:36:00,1.0000900068689453
2024-02-01 10:37:00,1.0000807741049116
2024-02-01 10:38:00,1.0000511573158515
2024-02-01 10:39:00,1.000108966523589
2024-02-01 10:40:00,1.0001353228076995
2024-02-01 10:41:00,1.0000687114238667
2024-02-01 10:42:00,1.00021091796713
2024-02-01 10:43:00,1.0000438205866746
2024-02-01 10:44:00,1.0001452238413484
2024-02-01 10:45:00,1.000197192378704
2024-02-01 10:46:00,1.0001879815100154
2024-02-01 10:47:00,1.000020385136865
2024-02-01 10:48:00,1.000062083836876
2024-02-01 10:49:00,1.0000921702662038
2024-02-01 10:50:00,1.0000433672925302
2024-02-01 10:51:00,1.000143166637433
2024-02-01 10:52:00,1.0001858427637476
2024-02-01 10:53:00,1.0000703661408554
2024-02-01 10:54:00,1.0000594590881202
2024-02-01 10:55:00,1.000077892314467
2024-02-01 10:56:00,1.0001387796860643
2024-02-01 10:57:00,1.0000011844467922
2024-02-01 10:58:00,1.0001423907429432
2024-02-01 10:59:00,1.000062261783575
2024-02-01 11:00:00,1.000121266955465
2024-02-01 11:01:00,1.0000499651901282
2024-02-01 11:02:00,1.0000177545889695
2024-02-01 11:03:00,1.0000433600997045
2024-02-01 11:04:00,1.0000206112295664
2024-02-01 11:05:00,1.0000615716883905
2024-02-01 11:06:00,1.0001733208946388
2024-02-01 11:07:00,1.0002547314893142
2024-02-01 11:08:00,1.0001909065931465
2024-02-01 11:09:00,1.0001551169652965
2024-02-01 11:10:00,1.0001414135671751
2024-02-01 11:11:00,1.0000130232381927
2024-02-01 11:12:00,1.000125934149696
2024-02-01 11:13:00,1.0001339442072679
2024-02-01 11:14:00,1.000065318023041
2024-02-01 11:15:00,1.0000620118343195
2024-02-01 11:16:00,0.9999670954515972
2024-02-01 11:17:00,1.000117834681255
2024-02-01 11:18:00,1.0001676195887639
2024-02-01 11:19:00,1.00012311218124
2024-02-01 11:20:00,1.0000781126099791
2024-02-01 11:21:00,1.000098926013755
2024-02-01 11:22:00,1.00011394243183
2024-02-01 11:23:00,1.000052594171997
2024-02-01 11:24:00,1.000113022997929
2024-02-01 11:25:00,1.0000888398229837
2024-02-01 11:26:00,1.0001349687440801
2024-02-01 11:27:00,1.0000414471939065
2024-02-01 11:28:00,0.9999886296609508
2024-02-01 11:29:00,1.0000890765181505
2024-02-01 11:30:00,1.0000994546569641
2024-02-01 11:31:00,1.0000239231616472
2024-02-01 11:32:00,1.000001894302648
2024-02-01 11:33:00,1.000142145234114
2024-02-01 11:34:00,1.0000241444691413
2024-02-01 11:35:00,1.0001150712565734
2024-02-01 11:36:00,1.0000106467800587
2024-02-01 11:37:00,1.0000567661730375
2024-02-01 11:38:00,1.000059119125037
2024-02-01 11:39:00,1.0000428198655789
2024-02-01 11:40:00,1.0001206760699353
2024-02-01 11:41:00,1.0000631770234396
2024-02-01 11:42:00,1.0001304117318488
2024-02-01 11:43:00,1.0000594102526474
2024-02-01 11:44:00,1.0000854802045842
2024-02-01 11:45:00,1.0000052056713424
2024-02-01 11:46:00,1.0001061558548034
2024-02-01 11:47:00,1.000170762192302
2024-02-01 11:48:00,1.000061427100973
2024-02-01 11:49:00,1.0000405591950778
2024-02-01 11:50:00,0.9999900349961446
2024-02-01 11:51:00,0.9999121732607931
2024-02-01 11:52:00,0.9998694129518608
2024-02-01 11:53:00,0.9999427798091076
2024-02-01 11:54:00,1.0000655021834062
2024-02-01 11:55:00,1.0001065903204593
2024-02-01 11:56:00,1.0000448407087204
2024-02-01 11:57:00,1.0000185121016931
2024-02-01 11:58:00,1.0000952019182832
2024-02-01 11:59:00,1.000132905689267
2024-02-01 12:00:00,1.0002547722260247
2024-02-01 12:01:00,1.0000270964705658
2024-02-01 12:02:00,1.000068411313521
2024-02-01 12:03:00,1.000047040264566
2024-02-01 12:04:00,1.0001513376873605
2024-02-01 12:05:00,0.9999805188171597
2024-02-01 12:06:00,1.0001130387187358
2024-02-01 12:07:00,1.0001571840243872
2024-02-01 12:08:00,1.000181380926163
2024-02-01 12:09:00,1.0000028591919445
2024-02-01 12:10:00,1.0000881491769964
2024-02-01 12:11:00,1.0001162353098099
2024-02-01 12:12:00,1.0000718225080325
2024-02-01 12:13:00,1.0002241987563494
2024-02-01 12:15:00,1.0000296445968573
2024-02-01 12:16:00,1.000061685338344
2024-02-01 12:17:00,1.0001405104421568
2024-02-01 12:18:00,1.000121331560452
2024-02-01 12:19:00,1.0001213200379868
2024-02-01 12:20:00,1.0001210079248326
2024-02-01 12:21:00,1.0000593284494155
2024-02-01 12:22:00,1.0002026808938844
2024-02-01 12:23:00,1.0001208225427805
2024-02-01 12:24:00,1.0001403477108601
2024-02-01 12:25:00,1.000034195828109
2024-02-01 12:26:00,1.0001521134514804
2024-02-01 12:27:00,1.0002437768077346
2024-02-01 12:28:00,1.0000566699862474
2024-02-01 12:29:00,1.0000400758833294
2024-02-01 12:30:00,1.0001521290964668
2024-02-01 12:31:00,1.000065186730352
2024-02-01 12:32:00,1.000136780096955
2024-02-01 12:33:00,1.0000945587259455
2024-02-01 12:34:00,1.0001425494772394
2024-02-01 12:35:00,1.000020884555871
2024-02-01 12:36:00,1.0000588510285877
2024-02-01 12:37:00,1.0000263047512068
2024-02-01 12:38:00,1.0001497701312858
2024-02-01 12:39:00,1.0001021646581394
2024-02-01 12:40:00,1.0000753911806544
2024-02-01 12:41:00,1.0001244724738014
2024-02-01 12:42:00,1.0000782051677028
2024-02-01 12:43:00,1.0001445912216536
2024-02-01 12:44:00,1.000070868026669
2024-02-01 12:45:00,1.0000926845572358
2024-02-01 12:46:00,1.0001466543151671
2024-02-01 12:47:00,1.0000933348494325
2024-02-01 12:48:00,1.0001237380262127
2024-02-01 12:49:00,1.0000830200315476
2024-02-01 12:50:00,1.0000617058340493
2024-02-01 12:51:00,1.0001282215668676
2024-02-01 12:52:00,0.9999976275883012
2024-02-01 12:53:00,1.000054555632513
2024-02-01 12:54:00,0.9999665519310922
2024-02-01 12:55:00,0.999968456503178
2024-02-01 12:56:00,1.0000113830392716
2024-02-01 12:57:00,1.0001041718574626
2024-02-01 12:58:00,1.000152131141316
2024-02-01 12:59:00,1.0000177995486035
2024-02-01 13:00:00,1.0000332214876582
2024-02-01 13:01:00,1.0000522158508336
2024-02-01 13:02:00,1.000137701150517
2024-02-01 13:03:00,1.0001299271980144
2024-02-01 13:04:00,1.0000976481293613
2024-02-01 13:05:00,1.000066553209291
2024-02-01 13:06:00,1.000063027108792
2024-02-01 13:07:00,1.0001205337720414
2024-02-01 13:08:00,1.00014451725769
2024-02-01 13:09:00,1.000094839675786
2024-02-01 13:10:00,1.0000033265693091
2024-02-01 13:11:00,1.0000734176012165
2024-02-01 13:12:00,1.000030721088241
2024-02-01 13:13:00,1.0000533137849454
2024-02-01 13:14:00,1.0000116586998886
2024-02-01 13:15:00,1.0000142801382317
2024-02-01 13:16:00,0.9999100269919025
2024-02-01 13:17:00,0.9998863176921065
2024-02-01 13:18:00,0.9999540691627974
2024-02-01 13:19:00,0.9999950052563731
2024-02-01 13:20:00,1.000026157281355
2024-02-01 13:21:00,0.999964801712349
2024-02-01 13:22:00,0.9999398562731334
2024-02-01 13:23:00,1.0001162925921618
2024-02-01 13:24:00,0.999983152119748
2024-02-01 13:25:00,1.0000610094813958
2024-02-01 13:26:00,1.0000161345431078
2024-02-01 13:27:00,0.9999618184836483
2024-02-01 13:28:00,0.999992888349457
2024-02-01 13:29:00,1.000010908306201
2024-02-01 13:30:00,1.0000182585168869
2024-02-01 13:31:00,1.0000374488337533
2024-02-01 13:32:00,1.000029155693775
2024-02-01 13:33:00,1.000029155624665
2024-02-01 13:34:00,1.0001301055774767
2024-02-01 13:35:00,1.0000116039225995
2024-02-01 13:36:00,1.000035714623601
2024-02-01 13:37:00,1.0001011992226383
2024-02-01 13:38:00,0.9999928922416448
2024-02-01 13:39:00,1.0000514192421703
2024-02-01 13:40:00,1.0001943118752992
2024-02-01 13:41:00,1.0001019063599048
2024-02-01 13:42:00,1.0000073516856705
2024-02-01 13:43:00,1.0000210984967914
2024-02-01 13:44:00,1.0000144576828365
2024-02-01 13:45:00,0.9999563846682629
2024-02-01 13:46:00,1.0001182324369151
2024-02-01 13:47:00,1.0000236966263114
2024-02-01 13:48:00,1.00012942406292
2024-02-01 13:49:00,1.000127020839949
2024-02-01 13:50:00,1.0001872388432906
2024-02-01 13:51:00,1.0001910144886268
2024-02-01 13:52:00,1.000023462717978
2024-02-01 13:53:00,1.0000971566283332
2024-02-01 13:54:00,1.0000732142476347
2024-02-01 13:56:00,1.0000262958400454
2024-02-01 13:57:00,1.0000731927432591
2024-02-01 13:58:00,1.0000449860661578
2024-02-01 13:59:00,1.0000023676764807
2024-02-01 14:00:00,0.9999433944389181
2024-02-01 14:01:00,1.0000023680072745
2024-02-01 14:02:00,1.0001352112942872
2024-02-01 14:03:00,1.0001070575055127
2024-02-01 14:04:00,1.000158804540248
2024-02-01 14:05:00,1.0000535340782308
2024-02-01 14:06:00,1.0000111316902642
2024-02-01 14:07:00,1.0002230354628756
2024-02-01 14:08:00,1.0000968921086233
2024-02-01 14:09:00,1.0000847738574474
2024-02-01 14:10:00,1.0
2024-02-01 14:11:00,0.9999978698981102
2024-02-01 14:12:00,1.0001882079994318
2024-02-01 14:13:00,1.0001867716438508
2024-02-01 14:14:00,1.0000504034643507
2024-02-01 14:15:00,1.0001682995590127
2024-02-01 14:16:00,1.0000896513060942
2024-02-01 14:17:00,1.0000912611534842
2024-02-01 14:18:00,1.000070890143907
2024-02-01 14:19:00,0.9998745336282894
2024-02-01 14:20:00,1.000025710639723
2024-02-01 14:21:00,1.0000766793364524
2024-02-01 14:22:00,1.0000566192637608
2024-02-01 14:23:00,1.0000488175309177
2024-02-01 14:24:00,1.0001422787247296
2024-02-01 14:25:00,1.0001664819487348
2024-02-01 14:26:00,0.9999761860412476
2024-02-01 14:27:00,1.0001110186610347
2024-02-01 14:28:00,1.0000825500902155
2024-02-01 14:29:00,1.000118673779229
2024-02-01 14:30:00,1.0000542634561573
2024-02-01 14:31:00,1.000169189964699
2024-02-01 14:32:00,1.0000826062020736
2024-02-01 14:33:00,1.0000811853054599
2024-02-01 14:34:00,1.0000259482309204
2024-02-01 14:35:00,1.0000122676807948
2024-02-01 14:36:00,1.0000212152570698
2024-02-01 14:37:00,1.0000317808580361
2024-02-01 14:38:00,1.0000221341044164
2024-02-01 14:39:00,1.0001129539336209
2024-02-01 14:40:00,1.0000552666793663
2024-02-01 14:41:00,1.0001179850693545
2024-02-01 14:42:00,1.0000357736282461
2024-02-01 14:43:00,0.9999774213805415
2024-02-01 14:44:00,1.000009173880316
2024-02-01 14:45:00,1.0001269566607578
2024-02-01 14:46:00,1.0001814109110077
2024-02-01 14:47:00,1.0000750764885855
2024-02-01 14:48:00,1.0001081831116756
2024-02-01 14:49:00,1.000193639961272
2024-02-01 14:50:00,0.9999595778232657
2024-02-01 14:51:00,1.0000432116596332
2024-02-01 14:52:00,0.9999833273452672
2024-02-01 14:53:00,1.0000185458199131
2024-02-01 14:54:00,1.0000446134013963
2024-02-01 14:55:00,0.9999856708620504
2024-02-01 14:56:00,1.000105682674852
2024-02-01 14:57:00,1.0001298509179966
2024-02-01 14:58:00,0.9999946016866208
2024-02-01 14:59:00,0.9999849787472744
2024-02-01 15:00:00,1.0000328255532864
2024-02-01 15:01:00,1.0000631080602365
2024-02-01 15:02:00,1.0001666510186837
2024-02-01 15:03:00,1.0001045605759742
2024-02-01 15:04:00,0.9999461232138673
2024-02-01 15:05:00,1.00006644767012
2024-02-01 15:06:00,1.0000292281431946
2024-02-01 15:07:00,1.0000764652924738
2024-02-01 15:08:00,0.9999995327102804
2024-02-01 15:09:00,0.999888509202081
2024-02-01 15:10:00,0.9998089992448808
2024-02-01 15:11:00,0.9998856955856056
2024-02-01 15:12:00,0.9998402189678566
2024-02-01 15:13:00,0.9999438667396399
2024-02-01 15:14:00,1.0000958707755478
2024-02-01 15:15:00,1.0000266441671477
2024-02-01 15:16:00,1.0000259649122807
2024-02-01 15:17:00,0.999992744125082
2024-02-01 15:18:00,1.0000616034704068
2024-02-01 15:19:00,1.0000007026337052
2024-02-01 15:20:00,0.9999789286383217
2024-02-01 15:21:00,1.0000559212142626
2024-02-01 15:22:00,1.000028089953394
2024-02-01 15:23:00,1.0000704060628742
2024-02-01 15:24:00,0.9999927504373124
2024-02-01 15:25:00,0.9999859637959511
2024-02-01 15:26:00,0.999981291757382
2024-02-01 15:27:00,1.0001112308062599
2024-02-01 15:28:00,1.0000490277333545
2024-02-01 15:29:00,0.9999487015667007
2024-02-01 15:30:00,0.9998797494313731
2024-02-01 15:31:00,0.9999326560096938
2024-02-01 15:32:00,1.0000620651357268
2024-02-01 15:33:00,0.9999547061268135
2024-02-01 15:34:00,1.0000326899637142
2024-02-01 15:35:00,1.0000749322458433
2024-02-01 15:37:00,1.0000798906759172
2024-02-01 15:38:00,1.0000308516456549
2024-02-01 15:39:00,0.9999745293776755
2024-02-01 15:40:00,0.9999433785680861
2024-02-01 15:41:00,0.9999768426469556
2024-02-01 15:42:00,0.9999116971939852
2024-02-01 15:43:00,0.9999348947660545
2024-02-01 15:44:00,1.000117093276504
2024-02-01 15:45:00,1.0000484711678508
2024-02-01 15:46:00,1.0001145512939142
2024-02-01 15:47:00,1.0000879062146177
2024-02-01 15:48:00,1.0000468626619399
2024-02-01 15:49:00,0.999976578602211
2024-02-01 15:50:00,1.0000299828301449
2024-02-01 15:51:00,1.0000184964493841
2024-02-01 15:52:00,1.0000676529800083
2024-02-01 15:53:00,1.0001335698535183
2024-02-01 15:54:00,1.0000311753578721
2024-02-01 15:55:00,1.0000490142047387
2024-02-01 15:56:00,1.0001192183789123
2024-02-01 15:57:00,1.0001784460635033
2024-02-01 15:58:00,1.0001126808174994
2024-02-01 15:59:00,0.9999983549500727
2024-02-01 16:00:00,1.0001063239210004
2024-02-01 16:01:00,1.0000728484446857
2024-02-01 16:02:00,1.0001536581927541
2024-02-01 16:03:00,1.0001130456036778
2024-02-01 16:04:00,1.0001163364591412
2024-02-01 16:05:00,1.000167018346142
2024-02-01 16:06:00,1.0000602194245283
2024-02-01 16:07:00,1.0000717766968128
2024-02-01 16:08:00,1.0000472696486524
2024-02-01 16:09:00,1.0000821561154516
2024-02-01 16:10:00,1.000117398781782
2024-02-01 16:11:00,0.9999967086393515
2024-02-01 16:12:00,1.000066974671824
2024-02-01 16:13:00,1.0000888408385822
2024-02-01 16:14:00,1.0000986682140347
2024-02-01 16:15:00,1.0000527921163773
2024-02-01 16:16:00,1.000004219874201
2024-02-01 16:17:00,0.9999788692712246
2024-02-01 16:18:00,1.000044594553362
2024-02-01 16:19:00,1.000086686055526
2024-02-01 16:20:00,1.0002135883548526
2024-02-01 16:21:00,1.0000488355767176
2024-02-01 16:22:00,1.0000364138682805
2024-02-01 16:23:00,0.9999953004647839
2024-02-01 16:24:00,1.0001377161214817
2024-02-01 16:25:00,1.000085506225041
2024-02-01 16:26:00,0.999995769563419
2024-02-01 16:27:00,1.0000940158886853
2024-02-01 16:28:00,1.000011297599966
2024-02-01 16:29:00,1.0000383404917932
2024-02-01 16:30:00,1.0001606302916275
2024-02-01 16:31:00,1.0000126924432953
2024-02-01 16:32:00,0.9999847108827936
2024-02-01 16:33:00,1.0000091800129933
2024-02-01 16:34:00,1.0001087327457372
2024-02-01 16:35:00,0.9999995289251722
2024-02-01 16:36:00,1.000120399727094
2024-02-01 16:37:00,1.0000993022893776
2024-02-01 16:38:00,1.0000679435973776
2024-02-01 16:39:00,1.0000544732951158
2024-02-01 16:40:00,1.0000473565168222
2024-02-01 16:41:00,0.999963480776752
2024-02-01 16:42:00,0.9999811684505636
2024-02-01 16:43:00,0.9999536601430185
2024-02-01 16:44:00,1.0000526952193203
2024-02-01 16:45:00,1.0000632445636712
2024-02-01 16:46:00,1.0000328842287238
2024-02-01 16:47:00,1.0000678074269076
2024-02-01 16:48:00,1.000063826541986
2024-02-01 16:49:00,1.0000225358460801
2024-02-01 16:50:00,1.0000539907370674
2024-02-01 16:51:00,0.9999364503163413
2024-02-01 16:52:00,1.0000274358715813
2024-02-01 16:53:00,1.0000635577319974
2024-02-01 16:54:00,1.000056256680481
2024-02-01 16:55:00,1.000066588198883
2024-02-01 16:56:00,1.0000309192141834
2024-02-01 16:57:00,1.00005858368093
2024-02-01 16:58:00,1.0000426412256307
2024-02-01 16:59:00,1.0000445181727868
2024-02-01 17:00:00,1.0000527476855487
2024-02-01 17:01:00,1.000080202993307
2024-02-01 17:02:00,1.0000574490286425
2024-02-01 17:03:00,1.0001381729785177
2024-02-01 17:04:00,1.0000376615234905
2024-02-01 17:05:00,1.0001370686489381
2024-02-01 17:06:00,1.0000990656520226
2024-02-01 17:07:00,1.0000464854435154
2024-02-01 17:08:00,0.9997956287387474
2024-02-01 17:09:00,1.0000307771223391
2024-02-01 17:10:00,1.000095422741409
2024-02-01 17:11:00,1.000060669133878
2024-02-01 17:12:00,1.0000550962901054
2024-02-01 17:13:00,1.0000191449670917
2024-02-01 17:14:00,1.0001122245424108
2024-02-01 17:15:00,1.000071744867796
2024-02-01 17:16:00,1.00012862905199
2024-02-01 17:18:00,1.0000930416938718
2024-02-01 17:19:00,1.0000896518481088
2024-02-01 17:20:00,1.0000360497812593
2024-02-01 17:21:00,1.0000116139971895
2024-02-01 17:22:00,1.000016502685754
2024-02-01 17:23:00,1.0000767400813444
2024-02-01 17:24:00,1.000118857110958
2024-02-01 17:25:00,0.9999485828885712
2024-02-01 17:26:00,1.0001120003353023
2024-02-01 17:27:00,1.0001519785092163
2024-02-01 17:28:00,1.0000878477984738
2024-02-01 17:29:00,1.000055446518469
2024-02-01 17:30:00,1.0000440895621443
2024-02-01 17:31:00,1.0001622135193382
2024-02-01 17:32:00,0.9999012123517025
2024-02-01 17:33:00,0.9999633950828939
2024-02-01 17:34:00,0.9999814455752335
2024-02-01 17:35:00,1.0000396741614483
2024-02-01 17:36:00,1.000045421364263
2024-02-01 17:37:00,0.9999883887538114
2024-02-01 17:38:00,1.0000829813791645
2024-02-01 17:39:00,1.0001020417650668
2024-02-01 17:40:00,0.9999679435062372
2024-02-01 17:41:00,0.9999707144284897
2024-02-01 17:42:00,1.000048826308545
2024-02-01 17:43:00,0.9999948838399106
2024-02-01 17:44:00,1.0000828296083275
2024-02-01 17:45:00,1.0000728501637381
2024-02-01 17:46:00,0.9999448040076482
2024-02-01 17:47:00,0.9999348138352978
2024-02-01 17:48:00,1.0000956940027101
2024-02-01 17:49:00,1.000020925804074
2024-02-01 17:50:00,1.0001160840364676
2024-02-01 17:51:00,1.000062818016207
2024-02-01 17:52:00,0.9999363760941913
2024-02-01 17:53:00,1.0000256342734897
2024-02-01 17:54:00,1.0000701662777607
2024-02-01 17:55:00,1.0000463620902547
2024-02-01 17:56:00,1.0000351498758115
2024-02-01 17:57:00,0.9999697371085902
2024-02-01 17:58:00,0.9999746128459001
2024-02-01 17:59:00,1.0000202668704226
2024-02-01 18:00:00,1.0001631055292775
2024-02-01 18:01:00,1.00000396152197
2024-02-01 18:02:00,1.0002285378474998
2024-02-01 18:03:00,1.0002744389390847
2024-02-01 18:04:00,1.0000093195124964
2024-02-01 18:05:00,1.0001776621341838
2024-02-01 18:06:00,1.0000058271798313
2024-02-01 18:07:00,0.9999626576547138
2024-02-01 18:08:00,1.000105257016162
2024-02-01 18:09:00,1.0001493665922945
2024-02-01 18:10:00,1.00010950958851
2024-02-01 18:11:00,1.0000452954594803
2024-02-01 18:12:00,1.000051111142229
2024-02-01 18:13:00,1.0000909896878354
2024-02-01 18:14:00,1.0001382132959793
2024-02-01 18:15:00,1.000044260568958
2024-02-01 18:16:00,0.9999948798272175
2024-02-01 18:17:00,1.0000643974882655
2024-02-01 18:18:00,0.999957672252999
2024-02-01 18:19:00,1.000097889220095
2024-02-01 18:20:00,0.9999909315822761
2024-02-01 18:21:00,1.0000183510959553
2024-02-01 18:22:00,1.0000334865030789
2024-02-01 18:23:00,1.0000716279069768
2024-02-01 18:24:00,0.9999967442617613
2024-02-01 18:25:00,1.000095125349161
2024-02-01 18:26:00,0.9999153795367263
2024-02-01 18:27:00,0.9999634966914517
2024-02-01 18:28:00,1.0000498148238672
2024-02-01 18:29:00,1.000019106425118
2024-02-01 18:30:00,1.000002795554137
2024-02-01 18:31:00,0.9999930127424287
2024-02-01 18:32:00,1.0000186190701172
2024-02-01 18:33:00,1.000047952699085
2024-02-01 18:34:00,1.0000172328672698
2024-02-01 18:35:00,1.0000558911612787
2024-02-01 18:36:00,0.9999722984596546
2024-02-01 18:37:00,1.000107031178952
2024-02-01 18:38:00,1.0001234363369509
2024-02-01 18:39:00,1.0000041977709837
2024-02-01 18:40:00,1.0000107360996684
2024-02-01 18:41:00,1.0001230035267235
2024-02-01 18:42:00,0.9999650044560993
2024-02-01 18:43:00,1.0000756092495315
2024-02-01 18:44:00,1.0000165923128514
2024-02-01 18:45:00,1.0000992485136075
2024-02-01 18:46:00,1.0000093436986097
2024-02-01 18:47:00,1.0000793669320012
2024-02-01 18:48:00,1.0000527729130182
2024-02-01 18:49:00,0.999992053995438
2024-02-01 18:50:00,1.0000738307406907
2024-02-01 18:51:00,1.0000217194316516
2024-02-01 18:52:00,1.0000723994581717
2024-02-01 18:53:00,1.000013782663745
2024-02-01 18:54:00,0.9999915905337441
2024-02-01 18:55:00,0.9999880829705649
2024-02-01 18:56:00,1.0001632487195835
2024-02-01 18:57:00,1.0000487817402244
2024-02-01 18:59:00,1.0001421402730772
2024-02-01 19:00:00,1.0000854273937174
2024-02-01 19:01:00,1.0000466754260884
2024-02-01 19:02:00,1.0000543617741071
2024-02-01 19:03:00,1.0000179685713353
2024-02-01 19:04:00,1.0001082246033708
2024-02-01 19:05:00,1.0001111618628584
2024-02-01 19:06:00,1.000103025980262
2024-02-01 19:07:00,1.000072216799491
2024-02-01 19:08:00,1.000078510673491
2024-02-01 19:09:00,1.0000608144948202
2024-02-01 19:10:00,1.0000559205927584
2024-02-01 19:11:00,1.0001116001220844
2024-02-01 19:12:00,1.0001603718388916
2024-02-01 19:13:00,1.0001864714931705
2024-02-01 19:14:00,1.0001819072273141
2024-02-01 19:15:00,1.0001926705869455
2024-02-01 19:16:00,1.00013093557083
2024-02-01 19:17:00,1.0000697245994916
2024-02-01 19:18:00,1.000077182444375
2024-02-01 19:19:00,1.0001005785014039
2024-02-01 19:20:00,1.0000877457054778
2024-02-01 19:21:00,1.0000394036755
2024-02-01 19:22:00,1.000104922007974
2024-02-01 19:23:00,1.000176048127594
2024-02-01 19:24:00,1.0000958392698494
2024-02-01 19:25:00,1.0000466603986198
2024-02-01 19:26:00,1.000095622361639
2024-02-01 19:27:00,1.0001596993455824
2024-02-01 19:28:00,1.0000785945338317
2024-02-01 19:29:00,1.000102121230491
2024-02-01 19:30:00,1.0000764454720041
2024-02-01 19:31:00,1.0001300575003322
2024-02-01 19:32:00,1.0001539317809744
2024-02-01 19:33:00,1.0002331545814875
2024-02-01 19:34:00,1.0001096478437868
2024-02-01 19:35:00,1.0000335893745613
2024-02-01 19:36:00,1.0001184096741638
2024-02-01 19:37:00,1.0001328612485694
2024-02-01 19:38:00,1.0000179552052606
2024-02-01 19:39:00,1.0000324107538414
2024-02-01 19:40:00,0.9999888107454141
2024-02-01 19:41:00,0.9998766044333931
2024-02-01 19:42:00,1.0000616997944116
2024-02-01 19:43:00,1.0000465202828432
2024-02-01 19:44:00,1.0001472247095626
2024-02-01 19:45:00,1.0001095448191812
2024-02-01 19:46:00,1.0001691937268171
2024-02-01 19:47:00,1.000106728538283
2024-02-01 19:48:00,0.9999726141849239
2024-02-01 19:49:00,1.0001828700162705
2024-02-01 19:50:00,0.999951127088101
2024-02-01 19:51:00,1.0001615217290694
2024-02-01 19:52:00,1.0001040416721578
2024-02-01 19:53:00,1.0000483752624183
2024-02-01 19:54:00,1.0001365231939023
2024-02-01 19:55:00,1.0000074017875318
2024-02-01 19:56:00,1.0000715329109264
2024-02-01 19:57:00,1.0000967547798714
2024-02-01 19:58:00,0.9999580938974526
2024-02-01 19:59:00,0.9999289109951766
2024-02-01 20:00:00,1.0000448897424625
2024-02-01 20:01:00,1.0000738993856388
2024-02-01 20:02:00,1.0003128652800712
2024-02-01 20:03:00,1.0001821455586648
2024-02-01 20:04:00,1.0000491801757494
2024-02-01 20:05:00,1.0001455816659828
2024-02-01 20:06:00,1.000046152525981
2024-02-01 20:07:00,1.000078867463228
2024-02-01 20:08:00,0.9999468853721387
2024-02-01 20:09:00,1.0000652165840436
2024-02-01 20:10:00,1.0000789271479211
2024-02-01 20:11:00,1.0001159308503842
2024-02-01 20:12:00,1.0000053433695755
2024-02-01 20:13:00,1.000075050130234
2024-02-01 20:14:00,1.0001276029016295
2024-02-01 20:15:00,0.9999909457931602
2024-02-01 20:16:00,1.0000436580828993
2024-02-01 20:17:00,1.0000864472950364
2024-02-01 20:18:00,1.0001435286685743
2024-02-01 20:19:00,1.0000807287860756
2024-02-01 20:20:00,1.0000976750552757
2024-02-01 20:21:00,1.000157757980698
2024-02-01 20:22:00,0.9999740392794974
2024-02-01 20:23:00,1.000081779977111
2024-02-01 20:24:00,1.0000273272132727
2024-02-01 20:25:00,1.0001290977527257
2024-02-01 20:26:00,1.0000463512310886
2024-02-01 20:27:00,1.0000185456501176
2024-02-01 20:28:00,1.0000510572328372
2024-02-01 20:29:00,1.0001021298720592
2024-02-01 20:30:00,0.9999867706140524
2024-02-01 20:31:00,1.0000278293780829
2024-02-01 20:32:00,1.0000974618158527
2024-02-01 20:33:00,1.0000278473962685
2024-02-01 20:34:00,1.000037384479636
2024-02-01 20:35:00,1.0000327321603921
2024-02-01 20:36:00,0.9999879382811123
2024-02-01 20:37:00,1.000153954756343
2024-02-01 20:38:00,1.0001231532816863
2024-02-01 20:40:00,1.0000294968122538
2024-02-01 20:41:00,0.9999765601429599
2024-02-01 20:42:00,1.000032268398791
2024-02-01 20:43:00,1.0001415316508855
2024-02-01 20:44:00,1.0000141520158503
2024-02-01 20:45:00,1.0000533814849801
2024-02-01 20:46:00,1.0001045017010555
2024-02-01 20:47:00,1.0000496979802649
2024-02-01 20:48:00,1.000162661703161
2024-02-01 20:49:00,1.000176575687924
2024-02-01 20:50:00,1.0001103228689532
2024-02-01 20:51:00,1.000028372159005
2024-02-01 20:52:00,0.9999746470945339
2024-02-01 20:53:00,1.0000628373141938
2024-02-01 20:54:00,1.0000679651422615
2024-02-01 20:55:00,1.0000549249785304
2024-02-01 20:56:00,0.9999704499976733
2024-02-01 20:57:00,1.0001760760201228
2024-02-01 20:58:00,1.0000421840623486
2024-02-01 20:59:00,1.0000202529052442
2024-02-01 21:00:00,1.0000658001813574
2024-02-01 21:01:00,1.0000537245535166
2024-02-01 21:02:00,1.000122256776419
2024-02-01 21:03:00,0.9999837394974577
2024-02-01 21:04:00,0.9999781559433263
2024-02-01 21:05:00,1.0000676330523424
2024-02-01 21:06:00,1.0000334154021797
2024-02-01 21:07:00,0.9999257848828443
2024-02-01 21:08:00,0.9999909647765288
2024-02-01 21:09:00,0.9999763473324661
2024-02-01 21:10:00,1.000012989844725
2024-02-01 21:11:00,1.0000563490020662
2024-02-01 21:12:00,1.0000018568248759
2024-02-01 21:13:00,0.9999684590141122
2024-02-01 21:14:00,1.0000914153132252
2024-02-01 21:15:00,1.000058201683907
2024-02-01 21:16:00,1.0000535668321597
2024-02-01 21:17:00,1.000041467629766
2024-02-01 21:18:00,1.0000435732877206
2024-02-01 21:19:00,1.0000671963593477
2024-02-01 21:20:00,0.9999976851905436
2024-02-01 21:21:00,1.0000810793280146
2024-02-01 21:22:00,0.9999585281429412
2024-02-01 21:23:00,0.999966410848601
2024-02-01 21:24:00,1.000004171253114
2024-02-01 21:25:00,1.0000883148552078
2024-02-01 21:26:00,1.000002551552968
2024-02-01 21:27:00,0.9999839913878306
2024-02-01 21:28:00,1.000168893446331
2024-02-01 21:29:00,1.00000417537503
2024-02-01 21:30:00,1.0000533487967527
2024-02-01 21:31:00,1.0001158146130653
2024-02-01 21:32:00,0.9999154905379585
2024-02-01 21:33:00,0.9999510198775728
2024-02-01 21:34:00,0.9999788661577512
2024-02-01 21:35:00,1.0000903124252716
2024-02-01 21:36:00,1.0000394886911357
2024-02-01 21:37:00,1.0000164986591935
2024-02-01 21:38:00,1.0002173892847521
2024-02-01 21:39:00,0.9999828172709647
2024-02-01 21:40:00,1.00011890136992
2024-02-01 21:41:00,1.0000531804955308
2024-02-01 21:42:00,1.0001091315220596
2024-02-01 21:43:00,1.0000178773751371
2024-02-01 21:44:00,0.9999997679873599
2024-02-01 21:45:00,1.000088909729928
2024-02-01 21:46:00,1.0000557378648218
2024-02-01 21:47:00,1.0001102789244207
2024-02-01 21:48:00,1.0000636105732845
2024-02-01 21:49:00,1.0000211176578429
2024-02-01 21:50:00,0.9999582612567072
2024-02-01 21:51:00,1.0000589344922237
2024-02-01 21:52:00,1.0000041780111275
2024-02-01 21:53:00,1.0000048747649666
2024-02-01 21:54:00,1.0001178900466454
2024-02-01 21:55:00,1.0000635673338143
2024-02-01 21:56:00,1.0000023210526439
2024-02-01 21:57:00,0.9999661397454451
2024-02-01 21:58:00,1.0000735260008349
2024-02-01 21:59:00,1.0000465946497288
2024-02-01 22:00:00,1.0000675275853668
2024-02-01 22:01:00,1.0000487321518494
2024-02-01 22:02:00,1.0001044473689709
2024-02-01 22:03:00,1.0001846884889882
2024-02-01 22:04:00,1.0000538733048485
2024-02-01 22:05:00,1.0000525013648032
2024-02-01 22:06:00,0.9999765417962481
2024-02-01 22:07:00,0.9998922936576284
2024-02-01 22:08:00,1.0000322657771525
2024-02-01 22:09:00,0.9999498654956238
2024-02-01 22:10:00,1.0000439227424525
2024-02-01 22:11:00,0.9998996196234342
2024-02-01 22:12:00,1.0001112892358448
2024-02-01 22:13:00,1.000134526022305
2024-02-01 22:14:00,1.000029731901866
2024-02-01 22:15:00,1.0000715345793048
2024-02-01 22:16:00,1.0000756812473013
2024-02-01 22:17:00,1.0000422793690618
2024-02-01 22:18:00,1.0001061946080094
2024-02-01 22:19:00,1.0000767124306682
2024-02-01 22:21:00,1.000009763309483
2024-02-01 22:22:00,0.9999507426933059
2024-02-01 22:23:00,1.000102245687091
2024-02-01 22:24:00,1.000024645431295
2024-02-01 22:25:00,1.0000204707814488
2024-02-01 22:26:00,1.0001575327165435
2024-02-01 22:27:00,1.0000791010399461
2024-02-01 22:28:00,1.0001968815452642
2024-02-01 22:29:00,1.0001163166698073
2024-02-01 22:30:00,1.0000612060619603
2024-02-01 22:31:00,1.0000484307730995
2024-02-01 22:32:00,1.0000673137168585
2024-02-01 22:33:00,0.9999930121890714
2024-02-01 22:34:00,1.0000281730805052
2024-02-01 22:35:00,0.9999674072970406
2024-02-01 22:36:00,1.0000046562738634
2024-02-01 22:37:00,1.0000323215975706
2024-02-01 22:38:00,1.000087901048534
2024-02-01 22:39:00,1.0000936353578291
2024-02-01 22:40:00,1.0000517140168281
2024-02-01 22:41:00,1.0000666629372716
2024-02-01 22:42:00,0.9999702050497784
2024-02-01 22:43:00,0.9999611030884614
2024-02-01 22:44:00,1.0001113658391112
2024-02-01 22:45:00,1.0
2024-02-01 22:46:00,1.000020518990559
2024-02-01 22:47:00,1.000005590951976
2024-02-01 22:48:00,1.0000374933920808
2024-02-01 22:49:00,1.0000023284676123
2024-02-01 22:50:00,1.0000037251838727
2024-02-01 22:51:00,1.0000004658204262
2024-02-01 22:52:00,1.0000857511027639
2024-02-01 22:53:00,1.000102564102564
2024-02-01 22:54:00,1.000020508087877
2024-02-01 22:55:00,1.0001365760432568
2024-02-01 22:56:00,1.0001222767227043
2024-02-01 22:57:00,0.9999066443171765
2024-02-01 22:58:00,1.0000651902624373
2024-02-01 22:59:00,1.0000940827975193
2024-02-01 23:00:00,1.0001004128342046
2024-02-01 23:01:00,1.0000994290397998
2024-02-01 23:02:00,1.000021194977489
2024-02-01 23:03:00,1.0001120454704278
2024-02-01 23:04:00,1.0000980908400396
2024-02-01 23:05:00,1.0001221120727826
2024-02-01 23:06:00,0.99998904214345
2024-02-01 23:07:00,1.0000363620259243
2024-02-01 23:08:00,1.0000272665621062
2024-02-01 23:09:00,1.000025397269211
2024-02-01 23:10:00,1.0000382187276426
2024-02-01 23:11:00,0.999975773331563
2024-02-01 23:12:00,0.9999611325102115
2024-02-01 23:13:00,1.0000638035781233
2024-02-01 23:14:00,1.0000232882550344
2024-02-01 23:15:00,0.9999895187474669
2024-02-01 23:16:00,0.999991621262443
2024-02-01 23:17:00,1.000052628392319
2024-02-01 23:18:00,1.000127437801267
2024-02-01 23:19:00,1.0000302805140233
2024-02-01 23:20:00,1.0000216542445812
2024-02-01 23:21:00,1.0001024494737822
2024-02-01 23:22:00,1.0000104780798569
2024-02-01 23:23:00,0.9999217800622966
2024-02-01 23:24:00,1.0001227562624329
2024-02-01 23:25:00,1.0001185438437552
2024-02-01 23:26:00,1.0000547212823874
2024-02-01 23:27:00,1.0000025611116157
2024-02-01 23:28:00,0.9999702065061542
2024-02-01 23:29:00,0.9999830127474204
2024-02-01 23:30:00,1.0000060531842077
2024-02-01 23:31:00,1.000065401158136
2024-02-01 23:32:00,1.0001166173971743
2024-02-01 23:33:00,1.0000711379751248
2024-02-01 23:34:00,1.000071388376019
2024-02-01 23:35:00,1.0000188135829422
2024-02-01 23:36:00,1.000027418268002
2024-02-01 23:37:00,1.0000553210480319
2024-02-01 23:38:00,1.000089966524084
2024-02-01 23:39:00,1.0000578430803182
2024-02-01 23:40:00,1.0000197530175639
2024-02-01 23:41:00,0.999998838392521
2024-02-01 23:42:00,1.0001338174924554
2024-02-01 23:43:00,1.000140302300354
2024-02-01 23:44:00,1.0001215058359973
2024-02-01 23:45:00,1.000061330025229
2024-02-01 23:46:00,1.0001068115588683
2024-02-01 23:47:00,1.0001093830193895
2024-02-01 23:48:00,1.0000949427325865
2024-02-01 23:49:00,1.0001279907084786
2024-02-01 23:50:00,1.000120768178514
2024-02-01 23:51:00,1.0001163549546077
2024-02-01 23:52:00,1.0000603985374261
2024-02-01 23:53:00,1.000064097949098
2024-02-01 23:54:00,0.9999881565013841
2024-02-01 23:55:00,1.0001242163919202
2024-02-01 23:56:00,0.9999939641003259
2024-02-01 23:57:00,1.0000673427257083
2024-02-01 23:58:00,1.0000903052969048
2024-02-01 23:59:00,1.000070798678734
2024-02-02 00:00:00,0.9999104133980709
